order_id,order_date,customer_id,city,category,product_price,quantity,discount_pct,payment_method,order_status,gross_amount,discount_amount,final_amount,customer_rating
ORD00802,30-01-2025,CUST0118,Bengaluru,Beauty,609.91,1,5.0,Credit Card,Pending,609.91,30.5,579.41,3.0
ORD00678,01-01-2025,CUST0223,Delhi,Electronics,1029.64,5,15.0,Cash on Delivery,Delivered,5148.2,772.23,4375.97,4.0
ORD00044,15-05-2025,CUST0054,Chennai,Electronics,1471.88,1,20.0,Debit Card,Delivered,1471.88,294.38,1177.5,4.0
ORD00991,16-02-2025,CUST0031,Mumbai,Sports,856.93,1,25.0,Cash on Delivery,Delivered,856.93,214.23,642.7,5.0
ORD00071,13-02-2025,CUST0188,Mumbai,Beauty,502.0,1,0.0,Debit Card,Pending,502.0,0.0,502.0,4.0
ORD00705,31-07-2025,CUST0287,Mumbai,Sports,1798.65,1,20.0,Net Banking,Pending,1798.65,359.73,1438.92,5.0
ORD00909,08-02-2025,CUST0145,Bengaluru,Beauty,279.46,4,15.0,Credit Card,Delivered,1117.84,167.68,950.16,2.0
ORD00211,09-12-2025,CUST0016,Mumbai,Electronics,1983.67,1,15.0,UPI,Returned,1983.67,297.55,1686.12,4.0
ORD00600,27-08-2025,CUST0021,Hyderabad,Fashion,3342.15,1,25.0,Cash on Delivery,Delivered,3342.15,835.54,2506.61,5.0
ORD00307,25-06-2025,CUST0178,Jaipur,Sports,1038.73,2,10.0,Cash on Delivery,Delivered,2077.46,207.75,1869.71,3.0
ORD00479,16-10-2025,CUST0166,Hyderabad,Beauty,1434.68,1,10.0,Debit Card,Delivered,1434.68,143.47,1291.21,2.0
ORD00949,04-01-2025,CUST0049,Hyderabad,Electronics,1207.84,2,25.0,Cash on Delivery,Cancelled,2415.68,603.92,1811.76,4.0
ORD00876,08-01-2025,CUST0130,Jaipur,Home & Kitchen,1297.4,1,30.0,Net Banking,Delivered,1297.4,389.22,908.18,4.0
ORD00598,27-11-2025,CUST0018,Hyderabad,Electronics,2198.99,1,0.0,Credit Card,Delivered,2198.99,0.0,2198.99,5.0
ORD01070,14-04-2025,CUST0233,Mumbai,Fashion,1488.49,1,10.0,Cash on Delivery,Cancelled,1488.49,148.85,1339.64,5.0
ORD01163,01-07-2025,CUST0032,Jaipur,Home & Kitchen,360.15,2,5.0,Cash on Delivery,Delivered,720.3,36.02,684.28,4.0
ORD00232,28-08-2025,CUST0131,Hyderabad,Fashion,1738.49,1,5.0,UPI,Delivered,1738.49,86.92,1651.57,2.0
ORD00839,02-03-2025,CUST0293,Jaipur,Home & Kitchen,2094.03,1,10.0,UPI,Pending,2094.03,209.4,1884.63,5.0
ORD00372,25-06-2025,CUST0023,Hyderabad,Beauty,1003.31,3,0.0,Net Banking,Delivered,3009.93,0.0,3009.93,5.0
ORD00714,30-10-2025,CUST0161,Delhi,Beauty,2552.27,2,10.0,UPI,Delivered,5104.54,510.45,4594.09,
ORD00426,24-05-2025,CUST0004,Jaipur,Sports,1631.37,2,5.0,Net Banking,Delivered,3262.74,163.14,3099.6,3.0
ORD01165,01-01-2025,CUST0119,Mumbai,Beauty,2369.95,1,5.0,UPI,Delivered,2369.95,118.5,2251.45,5.0
ORD00782,26-07-2025,CUST0146,Delhi,Fashion,975.12,2,10.0,Debit Card,Delivered,1950.24,195.02,1755.22,4.0
ORD01153,29-01-2025,CUST0153,Mumbai,Beauty,1406.11,1,10.0,UPI,Delivered,1406.11,140.61,1265.5,5.0
ORD00295,12-06-2025,CUST0262,Kolkata,Fashion,4672.34,1,0.0,Credit Card,Delivered,4672.34,0.0,4672.34,2.0
ORD00452,28-04-2025,CUST0280,Bengaluru,Home & Kitchen,986.98,2,0.0,Net Banking,Delivered,1973.96,0.0,1973.96,4.0
ORD00590,05-07-2025,CUST0295,Delhi,Electronics,499.47,2,10.0,Debit Card,Delivered,998.94,99.89,899.05,4.0
ORD00411,11-04-2025,CUST0175,Bengaluru,Beauty,5060.23,1,5.0,Debit Card,Delivered,5060.23,253.01,4807.22,5.0
ORD00586,08-02-2025,CUST0117,Chennai,Beauty,1219.38,1,10.0,Cash on Delivery,Delivered,1219.38,121.94,1097.44,5.0
ORD00950,16-12-2025,CUST0042,Mumbai,Fashion,1563.32,1,0.0,UPI,Pending,1563.32,0.0,1563.32,5.0
ORD00694,05-07-2025,CUST0119,Bengaluru,Home & Kitchen,610.94,2,15.0,Net Banking,Delivered,1221.88,183.28,1038.6,4.0
ORD00579,10-03-2025,CUST0020,Chennai,Beauty,2010.04,3,0.0,Cash on Delivery,Delivered,6030.12,0.0,6030.12,4.0
ORD01159,29-10-2025,CUST0288,Jaipur,Fashion,1384.4,1,15.0,Net Banking,Delivered,1384.4,207.66,1176.74,4.0
ORD00889,04-08-2025,CUST0130,Bengaluru,Electronics,7376.18,3,5.0,Net Banking,Cancelled,22128.54,1106.43,21022.11,4.0
ORD00891,03-06-2025,CUST0172,Chennai,Home & Kitchen,930.31,2,15.0,Cash on Delivery,Delivered,1860.62,279.09,1581.53,4.0
ORD00197,14-11-2025,CUST0149,Kolkata,Sports,1825.89,2,15.0,Cash on Delivery,Returned,3651.78,547.77,3104.01,4.0
ORD00744,17-12-2025,CUST0265,Mumbai,Fashion,4794.8,2,15.0,Debit Card,Delivered,9589.6,1438.44,8151.16,3.0
ORD00366,07-05-2025,CUST0007,Kolkata,Sports,1032.95,5,5.0,Cash on Delivery,Returned,5164.75,258.24,4906.51,5.0
ORD00124,04-02-2025,CUST0087,Kolkata,Electronics,2180.3,1,20.0,Cash on Delivery,Cancelled,2180.3,436.06,1744.24,4.0
ORD01038,17-08-2025,CUST0133,Pune,Sports,492.92,2,0.0,Net Banking,Delivered,985.84,0.0,985.84,5.0
ORD00045,21-01-2025,CUST0249,Mumbai,Beauty,1869.99,2,10.0,UPI,Returned,3739.98,374.0,3365.98,5.0
ORD00757,20-02-2025,CUST0271,Chennai,Home & Kitchen,974.44,1,0.0,Net Banking,Delivered,974.44,0.0,974.44,4.0
ORD00680,16-09-2025,CUST0178,Hyderabad,Beauty,707.05,4,0.0,Debit Card,Delivered,2828.2,0.0,2828.2,4.0
ORD00936,29-06-2025,CUST0066,Delhi,Fashion,532.56,3,20.0,Credit Card,Cancelled,1597.68,319.54,1278.14,4.0
ORD01181,21-10-2025,CUST0150,Jaipur,Home & Kitchen,2734.94,1,15.0,Net Banking,Delivered,2734.94,410.24,2324.7,
ORD00440,27-04-2025,CUST0236,Mumbai,Electronics,2920.67,1,20.0,Cash on Delivery,Delivered,2920.67,584.13,2336.54,5.0
ORD01016,30-09-2025,CUST0097,Hyderabad,Home & Kitchen,2429.5,1,5.0,Credit Card,Delivered,2429.5,121.48,2308.02,4.0
ORD00108,19-08-2025,CUST0154,Pune,Home & Kitchen,989.6,2,15.0,UPI,Delivered,1979.2,296.88,1682.32,5.0
ORD00082,01-08-2025,CUST0256,Hyderabad,Beauty,753.03,3,10.0,Net Banking,Delivered,2259.09,225.91,2033.18,5.0
ORD01012,17-11-2025,CUST0190,Mumbai,Fashion,1730.56,2,10.0,Credit Card,Delivered,3461.12,346.11,3115.01,5.0
ORD01199,30-05-2025,CUST0191,,Home & Kitchen,2549.36,2,5.0,Debit Card,Returned,5098.72,254.94,4843.78,5.0
ORD00171,08-05-2025,CUST0201,Hyderabad,Fashion,2070.37,1,10.0,UPI,Delivered,2070.37,207.04,1863.33,4.0
ORD00539,06-09-2025,CUST0084,Hyderabad,Sports,1768.48,2,0.0,Credit Card,Delivered,3536.96,0.0,3536.96,5.0
ORD00142,29-08-2025,CUST0292,Jaipur,Beauty,1058.99,3,,UPI,Delivered,3176.97,794.24,2382.73,5.0
ORD00998,19-05-2025,CUST0060,Delhi,Beauty,1912.23,5,15.0,UPI,Delivered,9561.15,1434.17,8126.98,4.0
ORD00993,31-03-2025,CUST0146,Jaipur,Fashion,3559.09,3,20.0,Net Banking,Pending,10677.27,2135.45,8541.82,4.0
ORD00278,23-02-2025,CUST0011,Hyderabad,Fashion,2366.99,4,20.0,Debit Card,Delivered,9467.96,1893.59,7574.37,5.0
ORD00077,28-09-2025,CUST0195,Jaipur,Fashion,1319.73,2,25.0,UPI,Delivered,2639.46,659.86,1979.6,5.0
ORD00079,09-09-2025,CUST0020,Mumbai,Electronics,2115.38,4,0.0,Net Banking,Cancelled,8461.52,0.0,8461.52,5.0
ORD00129,05-01-2025,CUST0219,Pune,Fashion,2319.55,2,5.0,Net Banking,Delivered,4639.1,231.96,4407.14,5.0
ORD00430,07-06-2025,CUST0285,Hyderabad,Sports,1785.37,1,0.0,UPI,Delivered,1785.37,0.0,1785.37,5.0
ORD00050,12-11-2025,CUST0097,Chennai,Sports,5030.81,4,15.0,Debit Card,Delivered,20123.24,3018.49,17104.75,4.0
ORD00345,07-07-2025,CUST0186,Bengaluru,Electronics,1439.68,1,25.0,Credit Card,Delivered,1439.68,359.92,1079.76,3.0
ORD00763,14-12-2025,CUST0281,Hyderabad,Electronics,954.69,1,15.0,Net Banking,Delivered,954.69,143.2,811.49,5.0
ORD01126,26-12-2025,CUST0136,Delhi,Electronics,1036.93,2,20.0,UPI,Delivered,2073.86,414.77,1659.09,5.0
ORD00814,10-03-2025,CUST0152,Hyderabad,Fashion,823.71,1,30.0,Debit Card,Delivered,823.71,247.11,576.6,5.0
ORD00245,28-05-2025,CUST0034,Mumbai,Beauty,2316.42,2,0.0,Debit Card,Returned,4632.84,0.0,4632.84,5.0
ORD00568,26-06-2025,CUST0202,Bengaluru,Beauty,1712.02,1,0.0,Cash on Delivery,Returned,1712.02,0.0,1712.02,4.0
ORD01114,05-04-2025,CUST0139,Delhi,Beauty,833.59,1,20.0,Credit Card,Delivered,833.59,166.72,666.87,3.0
ORD00906,29-04-2025,CUST0121,Kolkata,Fashion,2234.97,2,10.0,Credit Card,Delivered,4469.94,446.99,4022.95,4.0
ORD00383,22-06-2025,CUST0013,Delhi,Electronics,2662.44,1,0.0,Net Banking,Delivered,2662.44,0.0,2662.44,
ORD00024,10-06-2025,CUST0175,Pune,Sports,701.14,2,0.0,Net Banking,Pending,1402.28,0.0,1402.28,2.0
ORD00529,03-04-2025,CUST0073,Bengaluru,Home & Kitchen,409.01,1,5.0,Cash on Delivery,Delivered,409.01,20.45,388.56,1.0
ORD00966,18-11-2025,CUST0276,Delhi,Home & Kitchen,891.5,1,15.0,Net Banking,Delivered,891.5,133.72,757.78,4.0
ORD00059,04-02-2025,CUST0165,Kolkata,Fashion,1774.29,1,20.0,Cash on Delivery,Delivered,1774.29,354.86,1419.43,5.0
ORD01034,15-12-2025,CUST0092,Pune,Electronics,2672.05,1,10.0,Cash on Delivery,Delivered,2672.05,267.2,2404.85,4.0
ORD00918,31-07-2025,CUST0118,Hyderabad,Home & Kitchen,537.67,1,10.0,UPI,Delivered,537.67,53.77,483.9,5.0
ORD00324,31-10-2025,CUST0195,Mumbai,Sports,506.96,1,15.0,Debit Card,Delivered,506.96,76.04,430.92,5.0
ORD00356,23-02-2025,CUST0059,Chennai,Fashion,3232.28,4,10.0,Net Banking,Delivered,12929.12,1292.91,11636.21,5.0
ORD01015,25-11-2025,CUST0252,Chennai,Sports,952.43,1,5.0,UPI,Delivered,952.43,47.62,904.81,5.0
ORD00661,13-11-2025,CUST0245,Pune,Beauty,3212.12,2,20.0,Credit Card,Delivered,6424.24,1284.85,5139.39,4.0
ORD00293,13-07-2025,CUST0241,Hyderabad,Beauty,3095.73,1,15.0,Net Banking,Delivered,3095.73,464.36,2631.37,5.0
ORD00333,07-06-2025,CUST0038,Pune,Electronics,3811.57,1,25.0,Cash on Delivery,Delivered,3811.57,952.89,2858.68,4.0
ORD01010,10-05-2025,CUST0149,Pune,Sports,3319.4,1,15.0,Net Banking,Delivered,3319.4,497.91,2821.49,4.0
ORD00537,05-08-2025,CUST0251,Jaipur,Electronics,4501.61,4,20.0,UPI,Returned,18006.44,3601.29,14405.15,4.0
ORD00114,25-09-2025,CUST0075,Chennai,Sports,1765.73,3,10.0,Debit Card,Pending,5297.19,529.72,4767.47,5.0
ORD00148,23-05-2025,CUST0011,Pune,Home & Kitchen,2532.28,2,0.0,Net Banking,Delivered,5064.56,0.0,5064.56,5.0
ORD00102,04-03-2025,CUST0281,Bengaluru,Electronics,271.77,1,10.0,Cash on Delivery,Delivered,271.77,27.18,244.59,3.0
ORD00052,30-08-2025,CUST0264,Delhi,Fashion,1217.37,1,5.0,Credit Card,Delivered,1217.37,60.87,1156.5,4.0
ORD00309,26-08-2025,CUST0145,Pune,Beauty,2742.81,1,25.0,Net Banking,Pending,2742.81,685.7,2057.11,2.0
ORD00668,17-08-2025,CUST0181,Hyderabad,Fashion,4331.42,3,30.0,Net Banking,Delivered,12994.26,3898.28,9095.98,5.0
ORD00416,05-01-2025,CUST0227,Hyderabad,Fashion,4148.31,1,5.0,Credit Card,Cancelled,4148.31,207.42,3940.89,4.0
ORD00391,18-11-2025,CUST0163,Delhi,Electronics,1323.73,1,0.0,Credit Card,Delivered,1323.73,0.0,1323.73,2.0
ORD00322,11-10-2025,CUST0029,Jaipur,Electronics,2357.64,3,25.0,Net Banking,Delivered,7072.92,1768.23,5304.69,4.0
ORD00653,08-11-2025,CUST0293,Kolkata,Sports,2159.61,4,0.0,UPI,Delivered,8638.44,0.0,8638.44,4.0
ORD00241,28-05-2025,CUST0016,Kolkata,Fashion,1450.49,1,25.0,Net Banking,Pending,1450.49,362.62,1087.87,5.0
ORD00234,07-04-2025,CUST0171,Bengaluru,Fashion,921.46,3,20.0,Cash on Delivery,Delivered,2764.38,552.88,2211.5,4.0
ORD00055,22-02-2025,CUST0088,Delhi,Beauty,1793.27,3,15.0,Debit Card,Delivered,5379.81,806.97,4572.84,5.0
ORD01176,04-03-2025,CUST0236,Chennai,Electronics,1105.52,1,5.0,Cash on Delivery,Delivered,1105.52,55.28,1050.24,1.0
ORD00199,25-09-2025,CUST0215,Mumbai,Beauty,1701.87,3,5.0,Cash on Delivery,Pending,5105.61,255.28,4850.33,3.0
ORD00110,28-01-2025,CUST0109,Mumbai,Sports,452.86,1,0.0,Credit Card,Returned,452.86,0.0,452.86,4.0
ORD00057,02-04-2025,CUST0288,Pune,Fashion,1805.71,1,0.0,Cash on Delivery,Delivered,1805.71,0.0,1805.71,2.0
ORD00087,07-10-2025,CUST0081,Delhi,Beauty,3277.35,1,25.0,Debit Card,Delivered,3277.35,819.34,2458.01,2.0
ORD00707,28-08-2025,CUST0053,Chennai,Electronics,5038.55,1,5.0,Debit Card,Delivered,5038.55,251.93,4786.62,4.0
ORD01023,14-11-2025,CUST0221,Pune,Beauty,2115.52,5,20.0,Net Banking,Delivered,10577.6,2115.52,8462.08,4.0
ORD00544,26-06-2025,CUST0297,Pune,Electronics,2164.84,2,10.0,Net Banking,Delivered,4329.68,432.97,3896.71,5.0
ORD01175,18-10-2025,CUST0151,Bengaluru,Beauty,1731.35,2,15.0,Cash on Delivery,Delivered,3462.7,519.4,2943.3,1.0
ORD00742,06-01-2025,CUST0267,Pune,Home & Kitchen,5050.32,1,15.0,Cash on Delivery,Cancelled,5050.32,757.55,4292.77,5.0
ORD00915,25-01-2025,CUST0279,Bengaluru,Electronics,1919.05,2,25.0,Debit Card,Delivered,3838.1,959.52,2878.58,5.0
ORD00874,19-10-2025,CUST0269,Bengaluru,Sports,1515.63,1,10.0,Cash on Delivery,Delivered,1515.63,151.56,1364.07,4.0
ORD01147,24-11-2025,CUST0226,Mumbai,Fashion,3170.59,2,10.0,Cash on Delivery,Delivered,6341.18,634.12,5707.06,5.0
ORD00658,22-06-2025,CUST0119,Pune,Fashion,1202.27,1,25.0,UPI,Delivered,1202.27,300.57,901.7,2.0
ORD01020,05-04-2025,CUST0040,Mumbai,Home & Kitchen,1847.97,1,15.0,Cash on Delivery,Delivered,1847.97,277.2,1570.77,4.0
ORD00555,13-01-2025,CUST0238,Bengaluru,Home & Kitchen,2021.9,1,0.0,Cash on Delivery,Returned,2021.9,0.0,2021.9,3.0
ORD00210,23-02-2025,CUST0266,Kolkata,Sports,532.63,4,0.0,Credit Card,Returned,2130.52,0.0,2130.52,5.0
ORD00635,21-07-2025,CUST0276,Delhi,Fashion,3269.34,2,0.0,Cash on Delivery,Delivered,6538.68,0.0,6538.68,5.0
ORD00631,30-12-2025,CUST0093,Kolkata,Sports,3736.11,3,15.0,Cash on Delivery,Delivered,11208.33,1681.25,9527.08,5.0
ORD00410,23-02-2025,CUST0192,Delhi,Electronics,801.36,1,10.0,Credit Card,Delivered,801.36,80.14,721.22,5.0
ORD01032,01-03-2025,CUST0007,Bengaluru,Beauty,2454.92,2,10.0,Credit Card,Delivered,4909.84,490.98,4418.86,4.0
ORD00644,06-05-2025,CUST0204,Bengaluru,Sports,1539.09,3,15.0,Cash on Delivery,Delivered,4617.27,692.59,3924.68,3.0
ORD00466,27-03-2025,CUST0050,Jaipur,Sports,4655.18,1,15.0,UPI,Delivered,4655.18,698.28,3956.9,4.0
ORD00406,29-06-2025,CUST0022,Hyderabad,Beauty,3289.85,1,0.0,Debit Card,Delivered,3289.85,0.0,3289.85,5.0
ORD00310,07-06-2025,CUST0216,Pune,Electronics,2960.41,1,0.0,Debit Card,Delivered,2960.41,0.0,2960.41,4.0
ORD00454,30-03-2025,CUST0274,Delhi,Home & Kitchen,500.94,1,15.0,Cash on Delivery,Delivered,500.94,75.14,425.8,3.0
ORD00209,08-08-2025,CUST0288,Chennai,Fashion,1937.13,3,15.0,Credit Card,Delivered,5811.39,871.71,4939.68,4.0
ORD00737,26-06-2025,CUST0143,Hyderabad,Beauty,1800.68,4,15.0,Debit Card,Delivered,7202.72,1080.41,6122.31,2.0
ORD00244,27-05-2025,CUST0170,Jaipur,Fashion,2132.15,2,20.0,Net Banking,Delivered,4264.3,852.86,3411.44,4.0
ORD00156,31-08-2025,CUST0055,Delhi,Home & Kitchen,2045.44,3,,Credit Card,Delivered,6136.32,613.63,5522.69,4.0
ORD01115,25-04-2025,CUST0211,Mumbai,Fashion,1329.4,2,20.0,Debit Card,Cancelled,2658.8,531.76,2127.04,1.0
ORD01043,01-08-2025,CUST0230,Chennai,Beauty,1124.75,2,20.0,Cash on Delivery,Delivered,2249.5,449.9,1799.6,2.0
ORD00835,14-07-2025,CUST0161,Mumbai,Sports,1419.58,2,20.0,UPI,Delivered,2839.16,567.83,2271.33,3.0
ORD00276,11-05-2025,CUST0198,Hyderabad,Electronics,5762.02,2,25.0,Credit Card,Returned,11524.04,2881.01,8643.03,3.0
ORD00614,05-01-2025,CUST0231,Pune,Fashion,2292.95,3,0.0,Cash on Delivery,Delivered,6878.85,0.0,6878.85,
ORD00784,07-12-2025,CUST0077,Bengaluru,Home & Kitchen,895.87,3,10.0,Net Banking,Delivered,2687.61,268.76,2418.85,3.0
ORD00382,05-02-2025,CUST0224,Pune,Home & Kitchen,1939.46,1,20.0,UPI,Delivered,1939.46,387.89,1551.57,1.0
ORD00693,16-05-2025,CUST0193,Kolkata,Sports,1294.81,1,15.0,Credit Card,Delivered,1294.81,194.22,1100.59,4.0
ORD00989,23-04-2025,CUST0092,Pune,Sports,927.69,1,10.0,UPI,Delivered,927.69,92.77,834.92,4.0
ORD00790,14-08-2025,CUST0039,Pune,Fashion,3199.35,1,20.0,Debit Card,Cancelled,3199.35,639.87,2559.48,1.0
ORD00200,22-10-2025,CUST0198,Jaipur,Home & Kitchen,826.53,4,5.0,Net Banking,Delivered,3306.12,165.31,3140.81,5.0
ORD00491,11-08-2025,CUST0032,Pune,Sports,1139.17,1,5.0,Net Banking,Pending,1139.17,56.96,1082.21,2.0
ORD00550,09-07-2025,CUST0025,Bengaluru,Fashion,1115.75,3,0.0,Debit Card,Delivered,3347.25,0.0,3347.25,5.0
ORD00463,17-03-2025,CUST0079,Hyderabad,Fashion,6005.35,2,5.0,UPI,Delivered,12010.7,600.54,11410.16,2.0
ORD00731,09-10-2025,CUST0089,Hyderabad,Electronics,1543.38,1,5.0,Net Banking,Delivered,1543.38,77.17,1466.21,3.0
ORD01156,02-08-2025,CUST0278,Bengaluru,Electronics,1756.97,1,10.0,Debit Card,Delivered,1756.97,175.7,1581.27,4.0
ORD00980,27-10-2025,CUST0117,Hyderabad,Sports,748.63,3,15.0,Debit Card,Delivered,2245.89,336.88,1909.01,4.0
ORD00935,06-01-2025,CUST0237,Hyderabad,Electronics,1259.31,4,5.0,Debit Card,Delivered,5037.24,251.86,4785.38,4.0
ORD00462,04-09-2025,CUST0008,Pune,Electronics,5438.82,1,5.0,UPI,Delivered,5438.82,271.94,5166.88,5.0
ORD00546,05-02-2025,CUST0014,Bengaluru,Home & Kitchen,3032.39,2,20.0,Cash on Delivery,Delivered,6064.78,1212.96,4851.82,5.0
ORD00297,18-06-2025,CUST0261,Kolkata,Fashion,2226.98,2,10.0,Cash on Delivery,Delivered,4453.96,445.4,4008.56,5.0
ORD00712,13-09-2025,CUST0063,Kolkata,Electronics,2882.71,1,15.0,Cash on Delivery,Delivered,2882.71,432.41,2450.3,5.0
ORD00433,30-04-2025,CUST0288,Kolkata,Electronics,1514.6,1,0.0,UPI,Delivered,1514.6,0.0,1514.6,4.0
ORD00260,24-05-2025,CUST0239,Bengaluru,Beauty,4127.8,1,10.0,Net Banking,Delivered,4127.8,412.78,3715.02,5.0
ORD00434,15-11-2025,CUST0130,Delhi,Sports,3811.94,2,10.0,Credit Card,Cancelled,7623.88,762.39,6861.49,4.0
ORD00332,08-08-2025,CUST0124,Pune,Home & Kitchen,3132.05,2,5.0,Net Banking,Delivered,6264.1,313.2,5950.9,5.0
ORD00495,14-09-2025,CUST0102,Mumbai,Sports,1953.21,3,10.0,Debit Card,Cancelled,5859.63,585.96,5273.67,3.0
ORD00169,13-10-2025,CUST0154,Chennai,Home & Kitchen,2208.16,1,10.0,Credit Card,Delivered,2208.16,220.82,1987.34,2.0
ORD00136,12-12-2025,CUST0122,Delhi,Home & Kitchen,604.46,3,5.0,Debit Card,Delivered,1813.38,90.67,1722.71,5.0
ORD00535,24-04-2025,CUST0084,Hyderabad,Fashion,1282.12,2,30.0,UPI,Pending,2564.24,769.27,1794.97,5.0
ORD00429,16-04-2025,CUST0271,Chennai,Beauty,443.4,3,25.0,Cash on Delivery,Delivered,1330.2,332.55,997.65,5.0
ORD00329,18-02-2025,CUST0025,Kolkata,Sports,2052.6,2,10.0,Debit Card,Cancelled,4105.2,410.52,3694.68,4.0
ORD01023,14-11-2025,CUST0221,Pune,Beauty,2115.52,5,20.0,Net Banking,Delivered,10577.6,2115.52,8462.08,4.0
ORD00159,07-03-2025,CUST0246,Hyderabad,Sports,2715.33,1,10.0,Credit Card,Delivered,2715.33,271.53,2443.8,5.0
ORD00141,19-08-2025,CUST0181,Chennai,Fashion,3511.23,3,15.0,Net Banking,Delivered,10533.69,1580.05,8953.64,5.0
ORD00869,15-11-2025,CUST0164,Hyderabad,Fashion,3850.43,3,25.0,Cash on Delivery,Delivered,11551.29,2887.82,8663.47,4.0
ORD00315,21-09-2025,CUST0120,Delhi,Home & Kitchen,1522.8,5,0.0,UPI,Pending,7614.0,0.0,7614.0,3.0
ORD00175,13-08-2025,CUST0217,Jaipur,Electronics,2942.6,2,20.0,Net Banking,Delivered,5885.2,1177.04,4708.16,5.0
ORD01103,03-07-2025,CUST0200,Bengaluru,Fashion,2655.44,4,0.0,Cash on Delivery,Delivered,10621.76,0.0,10621.76,4.0
ORD00219,09-06-2025,CUST0137,Chennai,Electronics,2825.83,1,30.0,UPI,Delivered,2825.83,847.75,1978.08,3.0
ORD00221,04-09-2025,CUST0215,Mumbai,Fashion,1037.55,2,5.0,Credit Card,Delivered,2075.1,103.76,1971.34,5.0
ORD00266,11-09-2025,CUST0158,Delhi,Beauty,3182.16,1,15.0,Net Banking,Delivered,3182.16,477.32,2704.84,1.0
ORD00867,16-12-2025,CUST0232,Pune,Electronics,2985.0,1,5.0,Net Banking,Returned,2985.0,149.25,2835.75,4.0
ORD00443,07-05-2025,CUST0084,Chennai,Beauty,1507.79,1,10.0,Net Banking,Delivered,1507.79,150.78,1357.01,4.0
ORD00558,21-12-2025,CUST0119,Mumbai,Sports,2256.88,1,10.0,UPI,Delivered,2256.88,225.69,2031.19,4.0
ORD00185,14-06-2025,CUST0172,Mumbai,Electronics,3613.57,3,0.0,Cash on Delivery,Delivered,10840.71,0.0,10840.71,5.0
ORD00552,06-02-2025,CUST0122,Delhi,Fashion,2080.47,4,20.0,Cash on Delivery,Delivered,8321.88,1664.38,6657.5,4.0
ORD00946,17-07-2025,CUST0244,Bengaluru,Fashion,1639.42,1,0.0,Debit Card,Delivered,1639.42,0.0,1639.42,5.0
ORD00902,21-10-2025,CUST0287,Hyderabad,Sports,1979.48,1,15.0,UPI,Cancelled,1979.48,296.92,1682.56,4.0
ORD00164,11-10-2025,CUST0239,Delhi,Beauty,1347.78,1,5.0,UPI,Delivered,1347.78,67.39,1280.39,5.0
ORD00573,11-10-2025,CUST0213,Jaipur,Home & Kitchen,1358.51,1,15.0,Cash on Delivery,Delivered,1358.51,203.78,1154.73,5.0
ORD00951,27-11-2025,CUST0166,Hyderabad,Home & Kitchen,2012.7,1,25.0,Credit Card,Delivered,2012.7,503.18,1509.52,4.0
ORD00157,27-03-2025,CUST0111,Mumbai,Home & Kitchen,2673.64,4,25.0,UPI,Pending,10694.56,2673.64,8020.92,4.0
ORD00886,14-01-2025,CUST0300,Hyderabad,Electronics,876.89,3,15.0,UPI,Cancelled,2630.67,394.6,2236.07,4.0
ORD00507,12-06-2025,CUST0148,Delhi,Home & Kitchen,1989.8,3,0.0,Cash on Delivery,Delivered,5969.4,0.0,5969.4,3.0
ORD01143,22-12-2025,CUST0181,Mumbai,Fashion,880.72,1,15.0,UPI,Delivered,880.72,132.11,748.61,5.0
ORD00926,16-08-2025,CUST0288,Delhi,Electronics,2695.07,1,5.0,Cash on Delivery,Delivered,2695.07,134.75,2560.32,4.0
ORD01036,24-09-2025,CUST0229,Bengaluru,Fashion,1204.81,2,15.0,Credit Card,Delivered,2409.62,361.44,2048.18,2.0
ORD00669,13-06-2025,CUST0242,Mumbai,Home & Kitchen,1239.71,1,20.0,Net Banking,Delivered,1239.71,247.94,991.77,5.0
ORD00291,15-12-2025,CUST0226,Bengaluru,Fashion,2334.9,4,,Net Banking,Delivered,9339.6,1400.94,7938.66,5.0
ORD00683,26-11-2025,CUST0126,Chennai,Fashion,3004.96,4,5.0,Debit Card,Delivered,12019.84,600.99,11418.85,4.0
ORD00999,22-12-2025,CUST0151,Bengaluru,Home & Kitchen,2935.22,5,10.0,UPI,Delivered,14676.1,1467.61,13208.49,4.0
ORD00765,13-03-2025,CUST0203,Chennai,Home & Kitchen,1694.19,2,10.0,Debit Card,Delivered,3388.38,338.84,3049.54,4.0
ORD00193,06-04-2025,CUST0012,Delhi,Electronics,628.78,1,30.0,Net Banking,Delivered,628.78,188.63,440.15,4.0
ORD00528,21-09-2025,CUST0262,Mumbai,Sports,5433.47,1,5.0,Net Banking,Delivered,5433.47,271.67,5161.8,3.0
ORD00439,17-08-2025,CUST0195,Mumbai,Home & Kitchen,869.32,1,,Credit Card,Delivered,869.32,0.0,869.32,5.0
ORD00287,15-08-2025,CUST0148,Jaipur,Fashion,2114.86,1,15.0,Cash on Delivery,Returned,2114.86,317.23,1797.63,3.0
ORD00428,04-05-2025,CUST0039,Hyderabad,Sports,2019.43,1,20.0,Debit Card,Delivered,2019.43,403.89,1615.54,4.0
ORD00977,22-07-2025,CUST0238,Delhi,Electronics,1269.64,1,20.0,Net Banking,Delivered,1269.64,253.93,1015.71,2.0
ORD00574,25-07-2025,CUST0159,Delhi,Sports,1781.56,1,20.0,Net Banking,Delivered,1781.56,356.31,1425.25,4.0
ORD00533,15-07-2025,CUST0264,Hyderabad,Electronics,1126.36,1,25.0,Net Banking,Delivered,1126.36,281.59,844.77,4.0
ORD00753,25-05-2025,CUST0133,Chennai,Fashion,4862.25,2,5.0,Debit Card,Delivered,9724.5,486.22,9238.28,4.0
ORD00097,23-11-2025,CUST0209,Jaipur,Electronics,1733.75,2,10.0,Debit Card,Delivered,3467.5,346.75,3120.75,4.0
ORD01129,19-07-2025,CUST0292,Hyderabad,Beauty,2763.4,3,20.0,Credit Card,Delivered,8290.2,1658.04,6632.16,5.0
ORD00837,03-04-2025,CUST0149,Bengaluru,Home & Kitchen,1263.67,2,20.0,Debit Card,Delivered,2527.34,505.47,2021.87,3.0
ORD00179,21-08-2025,CUST0025,Mumbai,Electronics,648.56,4,15.0,Net Banking,Delivered,2594.24,389.14,2205.1,5.0
ORD00032,19-06-2025,CUST0055,Bengaluru,Fashion,577.03,1,15.0,UPI,Cancelled,577.03,86.55,490.48,3.0
ORD00728,26-06-2025,CUST0082,Hyderabad,Beauty,1797.69,2,0.0,Credit Card,Delivered,3595.38,0.0,3595.38,5.0
ORD00873,26-01-2025,CUST0196,Chennai,Sports,772.44,1,10.0,UPI,Delivered,772.44,77.24,695.2,4.0
ORD00343,05-04-2025,CUST0224,Delhi,Fashion,942.71,2,10.0,UPI,Delivered,1885.42,188.54,1696.88,5.0
ORD01063,23-01-2025,CUST0034,Delhi,Electronics,864.13,3,20.0,Debit Card,Cancelled,2592.39,518.48,2073.91,
ORD00248,04-11-2025,CUST0269,Chennai,Fashion,1155.41,3,5.0,Debit Card,Delivered,3466.23,173.31,3292.92,
ORD00328,11-07-2025,CUST0040,Bengaluru,Sports,763.44,4,5.0,Debit Card,Delivered,3053.76,152.69,2901.07,5.0
ORD00708,15-02-2025,CUST0069,Hyderabad,Beauty,1357.18,2,15.0,Debit Card,Cancelled,2714.36,407.15,2307.21,1.0
ORD00381,09-11-2025,CUST0295,Mumbai,Fashion,3662.6,1,15.0,Cash on Delivery,Returned,3662.6,549.39,3113.21,1.0
ORD00089,09-09-2025,CUST0158,Mumbai,Electronics,2392.48,1,20.0,Credit Card,Delivered,2392.48,478.5,1913.98,3.0
ORD00619,31-12-2025,CUST0028,Kolkata,Fashion,1383.18,1,15.0,Cash on Delivery,Delivered,1383.18,207.48,1175.7,4.0
ORD00554,02-07-2025,CUST0055,Jaipur,Beauty,2866.53,5,10.0,UPI,Delivered,14332.65,1433.26,12899.39,
ORD00979,22-06-2025,CUST0141,Hyderabad,Electronics,2646.53,2,0.0,Debit Card,Delivered,5293.06,0.0,5293.06,5.0
ORD00870,17-02-2025,CUST0073,Pune,Electronics,2075.14,1,15.0,Cash on Delivery,Delivered,2075.14,311.27,1763.87,2.0
ORD01051,25-08-2025,CUST0213,Mumbai,Electronics,2385.79,2,15.0,Cash on Delivery,Delivered,4771.58,715.74,4055.84,3.0
ORD00320,13-10-2025,CUST0105,Delhi,Home & Kitchen,2413.02,1,25.0,Net Banking,Delivered,2413.02,603.26,1809.76,5.0
ORD00482,23-12-2025,CUST0072,Hyderabad,Home & Kitchen,1017.45,2,10.0,Cash on Delivery,Delivered,2034.9,203.49,1831.41,5.0
ORD00630,02-10-2025,CUST0080,Kolkata,Home & Kitchen,3000.84,2,0.0,Net Banking,Delivered,6001.68,0.0,6001.68,4.0
ORD00585,26-02-2025,CUST0250,Delhi,Electronics,1214.32,3,15.0,Debit Card,Delivered,3642.96,546.44,3096.52,2.0
ORD00353,18-01-2025,CUST0147,,Sports,1121.04,1,20.0,UPI,Returned,1121.04,224.21,896.83,3.0
ORD00603,15-03-2025,CUST0008,Kolkata,Electronics,1881.64,1,0.0,Debit Card,Delivered,1881.64,0.0,1881.64,4.0
ORD00615,29-01-2025,CUST0084,Mumbai,Home & Kitchen,1915.24,2,5.0,Credit Card,Delivered,3830.48,191.52,3638.96,2.0
ORD00359,26-12-2025,CUST0269,Bengaluru,Beauty,1165.99,1,10.0,Credit Card,Delivered,1165.99,116.6,1049.39,4.0
ORD00530,31-03-2025,CUST0223,,Sports,1582.88,2,5.0,Net Banking,Cancelled,3165.76,158.29,3007.47,5.0
ORD00011,27-11-2025,CUST0224,Jaipur,Home & Kitchen,1013.22,4,0.0,Debit Card,Delivered,4052.88,0.0,4052.88,5.0
ORD00597,23-08-2025,CUST0237,Kolkata,Home & Kitchen,765.57,1,25.0,UPI,Delivered,765.57,191.39,574.18,5.0
ORD00414,01-03-2025,CUST0164,Bengaluru,Sports,758.88,5,10.0,Cash on Delivery,Delivered,3794.4,379.44,3414.96,5.0
ORD00436,02-04-2025,CUST0084,Jaipur,Sports,1493.57,1,20.0,Net Banking,Delivered,1493.57,298.71,1194.86,1.0
ORD00060,25-07-2025,CUST0182,Delhi,Beauty,784.33,1,5.0,Cash on Delivery,Delivered,784.33,39.22,745.11,5.0
ORD00311,07-02-2025,CUST0003,Chennai,Fashion,1167.93,2,15.0,Credit Card,Delivered,2335.86,350.38,1985.48,3.0
ORD00064,02-01-2025,CUST0161,Pune,Beauty,636.12,1,5.0,Debit Card,Cancelled,636.12,31.81,604.31,5.0
ORD00299,09-03-2025,CUST0047,Chennai,Electronics,895.64,4,15.0,Cash on Delivery,Delivered,3582.56,537.38,3045.18,5.0
ORD00351,19-11-2025,CUST0262,Bengaluru,Beauty,1539.79,3,10.0,Cash on Delivery,Delivered,4619.37,461.94,4157.43,4.0
ORD00717,13-10-2025,CUST0176,Pune,Fashion,750.07,4,15.0,UPI,Returned,3000.28,450.04,2550.24,2.0
ORD00905,11-07-2025,CUST0158,Pune,Home & Kitchen,1711.18,2,10.0,Net Banking,Delivered,3422.36,342.24,3080.12,4.0
ORD00674,21-08-2025,CUST0217,Pune,Home & Kitchen,3569.98,4,10.0,Debit Card,Delivered,14279.92,1427.99,12851.93,5.0
ORD00709,04-02-2025,CUST0090,Chennai,Beauty,758.81,1,5.0,UPI,Delivered,758.81,37.94,720.87,4.0
ORD00368,30-09-2025,CUST0235,Hyderabad,Fashion,874.71,2,25.0,Cash on Delivery,Delivered,1749.42,437.36,1312.06,4.0
ORD00465,24-05-2025,CUST0174,Mumbai,Home & Kitchen,1826.85,1,20.0,Credit Card,Pending,1826.85,365.37,1461.48,3.0
ORD00807,13-05-2025,CUST0009,Hyderabad,Sports,1992.54,1,30.0,Cash on Delivery,Delivered,1992.54,597.76,1394.78,3.0
ORD00592,02-05-2025,CUST0186,Bengaluru,Home & Kitchen,3612.33,5,15.0,UPI,Delivered,18061.65,2709.25,15352.4,5.0
ORD00362,24-04-2025,CUST0170,Pune,Home & Kitchen,1901.9,1,5.0,Credit Card,Pending,1901.9,95.1,1806.8,3.0
ORD00267,20-05-2025,CUST0146,Kolkata,Fashion,1125.44,3,25.0,Credit Card,Delivered,3376.32,844.08,2532.24,3.0
ORD00880,29-06-2025,CUST0149,Chennai,Electronics,220.32,2,10.0,Cash on Delivery,Delivered,440.64,44.06,396.58,5.0
ORD01135,06-08-2025,CUST0190,Mumbai,Home & Kitchen,1497.45,1,15.0,Cash on Delivery,Delivered,1497.45,224.62,1272.83,5.0
ORD01162,20-04-2025,CUST0122,Hyderabad,Fashion,2398.97,1,10.0,Debit Card,Cancelled,2398.97,239.9,2159.07,5.0
ORD01190,01-06-2025,CUST0050,Bengaluru,Fashion,1451.42,1,5.0,Cash on Delivery,Delivered,1451.42,72.57,1378.85,4.0
ORD00992,01-01-2025,CUST0020,Kolkata,Home & Kitchen,1164.7,1,10.0,Credit Card,Returned,1164.7,116.47,1048.23,4.0
ORD00576,21-02-2025,CUST0293,Delhi,Electronics,2897.63,2,10.0,Net Banking,Delivered,5795.26,579.53,5215.73,4.0
ORD00755,19-03-2025,CUST0300,Hyderabad,Home & Kitchen,1316.29,4,5.0,Debit Card,Delivered,5265.16,263.26,5001.9,4.0
ORD01128,14-05-2025,CUST0049,Kolkata,Beauty,1392.7,1,15.0,Credit Card,Delivered,1392.7,208.9,1183.8,4.0
ORD00988,20-01-2025,CUST0096,Delhi,Electronics,2440.13,3,20.0,UPI,Delivered,7320.39,1464.08,5856.31,4.0
ORD00271,21-08-2025,CUST0073,Kolkata,Home & Kitchen,814.9,1,20.0,Credit Card,Pending,814.9,162.98,651.92,3.0
ORD01068,13-08-2025,CUST0232,Delhi,Electronics,4602.92,3,10.0,Net Banking,Delivered,13808.76,1380.88,12427.88,5.0
ORD00084,25-08-2025,CUST0226,,Home & Kitchen,490.3,2,,UPI,Cancelled,980.6,196.12,784.48,4.0
ORD00130,06-08-2025,CUST0168,Hyderabad,Beauty,1868.22,3,10.0,Credit Card,Pending,5604.66,560.47,5044.19,5.0
ORD00637,19-01-2025,CUST0171,Jaipur,Home & Kitchen,2641.13,1,10.0,Cash on Delivery,Delivered,2641.13,264.11,2377.02,5.0
ORD00908,21-07-2025,CUST0012,Jaipur,Electronics,1870.09,1,15.0,Debit Card,Delivered,1870.09,280.51,1589.58,5.0
ORD00917,13-01-2025,CUST0104,Delhi,Beauty,1416.8,1,15.0,Cash on Delivery,Delivered,1416.8,212.52,1204.28,5.0
ORD00448,27-08-2025,CUST0015,Kolkata,Sports,1862.62,3,5.0,UPI,Delivered,5587.86,279.39,5308.47,4.0
ORD00261,12-12-2025,CUST0266,Kolkata,Fashion,1217.86,1,5.0,Net Banking,Delivered,1217.86,60.89,1156.97,5.0
ORD00756,01-01-2025,CUST0228,Chennai,Beauty,1939.91,1,30.0,Debit Card,Delivered,1939.91,581.97,1357.94,2.0
ORD01079,21-04-2025,CUST0120,Kolkata,Sports,1485.43,1,5.0,UPI,Delivered,1485.43,74.27,1411.16,4.0
ORD00895,07-01-2025,CUST0291,Mumbai,Fashion,1048.67,2,15.0,Cash on Delivery,Delivered,2097.34,314.6,1782.74,5.0
ORD00498,16-01-2025,CUST0179,Bengaluru,Electronics,2485.23,1,15.0,Cash on Delivery,Delivered,2485.23,372.78,2112.45,4.0
ORD00139,04-03-2025,CUST0130,Kolkata,Electronics,959.89,1,15.0,Credit Card,Delivered,959.89,143.98,815.91,5.0
ORD00942,17-08-2025,CUST0196,Jaipur,Home & Kitchen,1906.53,1,15.0,Credit Card,Delivered,1906.53,285.98,1620.55,5.0
ORD00142,29-08-2025,CUST0292,Jaipur,Beauty,1058.99,3,,UPI,Delivered,3176.97,794.24,2382.73,5.0
ORD00559,27-12-2025,CUST0183,Mumbai,Electronics,3491.91,2,20.0,Credit Card,Returned,6983.82,1396.76,5587.06,1.0
ORD00823,21-04-2025,CUST0100,Jaipur,Home & Kitchen,2351.67,1,15.0,Credit Card,Delivered,2351.67,352.75,1998.92,3.0
ORD00421,16-12-2025,CUST0079,Mumbai,Fashion,1736.32,4,0.0,Net Banking,Delivered,6945.28,0.0,6945.28,5.0
ORD00140,18-12-2025,CUST0193,Hyderabad,Fashion,1099.48,1,5.0,Net Banking,Delivered,1099.48,54.97,1044.51,2.0
ORD00939,14-08-2025,CUST0180,Hyderabad,Sports,3878.08,1,10.0,Debit Card,Delivered,3878.08,387.81,3490.27,4.0
ORD01113,10-05-2025,CUST0228,Pune,Sports,1290.74,3,0.0,Net Banking,Delivered,3872.22,0.0,3872.22,4.0
ORD00225,03-05-2025,CUST0273,Chennai,Home & Kitchen,1303.73,1,10.0,Debit Card,Delivered,1303.73,130.37,1173.36,5.0
ORD00334,15-02-2025,CUST0251,Hyderabad,Electronics,380.9,1,0.0,Cash on Delivery,Delivered,380.9,0.0,380.9,3.0
ORD00275,27-07-2025,CUST0061,Kolkata,Beauty,3881.0,1,30.0,UPI,Delivered,3881.0,1164.3,2716.7,4.0
ORD00290,02-06-2025,CUST0107,Chennai,Electronics,1837.18,3,0.0,Debit Card,Delivered,5511.54,0.0,5511.54,4.0
ORD00425,04-11-2025,CUST0285,Bengaluru,Electronics,1006.53,3,20.0,Cash on Delivery,Pending,3019.59,603.92,2415.67,5.0
ORD00645,27-02-2025,CUST0165,Mumbai,Electronics,1434.66,2,20.0,Credit Card,Returned,2869.32,573.86,2295.46,4.0
ORD00377,21-12-2025,CUST0258,Delhi,Electronics,529.65,1,0.0,UPI,Delivered,529.65,0.0,529.65,4.0
ORD00584,24-05-2025,CUST0105,Chennai,Electronics,1361.0,2,10.0,UPI,Delivered,2722.0,272.2,2449.8,4.0
ORD01073,17-07-2025,CUST0021,Chennai,Electronics,1247.59,1,15.0,Cash on Delivery,Delivered,1247.59,187.14,1060.45,3.0
ORD01067,25-05-2025,CUST0082,Hyderabad,Fashion,1019.95,2,5.0,Credit Card,Delivered,2039.9,102.0,1937.9,5.0
ORD00768,07-09-2025,CUST0277,Jaipur,Sports,970.36,1,15.0,Cash on Delivery,Delivered,970.36,145.55,824.81,5.0
ORD00718,30-08-2025,CUST0269,Bengaluru,Beauty,990.53,1,25.0,Debit Card,Delivered,990.53,247.63,742.9,4.0
ORD00591,11-08-2025,CUST0243,Delhi,Beauty,2574.0,1,20.0,Credit Card,Returned,2574.0,514.8,2059.2,5.0
ORD00468,12-10-2025,CUST0181,Chennai,Electronics,1120.98,4,20.0,UPI,Delivered,4483.92,896.78,3587.14,5.0
ORD00524,04-02-2025,CUST0143,Mumbai,Electronics,3902.87,4,20.0,Credit Card,Delivered,15611.48,3122.3,12489.18,4.0
ORD00606,07-01-2025,CUST0087,Mumbai,Fashion,970.36,1,15.0,Net Banking,Delivered,970.36,145.55,824.81,5.0
ORD00997,20-10-2025,CUST0130,Delhi,Beauty,2191.79,1,10.0,Debit Card,Cancelled,2191.79,219.18,1972.61,4.0
ORD00651,09-07-2025,CUST0251,Jaipur,Beauty,726.73,1,30.0,Net Banking,Delivered,726.73,218.02,508.71,4.0
ORD01189,01-07-2025,CUST0283,Jaipur,Electronics,638.15,1,20.0,UPI,Delivered,638.15,127.63,510.52,4.0
ORD00487,21-11-2025,CUST0277,Hyderabad,Fashion,915.46,2,10.0,Credit Card,Delivered,1830.92,183.09,1647.83,5.0
ORD00040,01-09-2025,CUST0178,Mumbai,Home & Kitchen,1193.75,3,30.0,UPI,Returned,3581.25,1074.38,2506.87,5.0
ORD00031,28-02-2025,CUST0264,Hyderabad,Fashion,1896.84,2,0.0,UPI,Delivered,3793.68,0.0,3793.68,5.0
ORD00243,12-12-2025,CUST0227,Delhi,Electronics,1532.59,1,20.0,Debit Card,Delivered,1532.59,306.52,1226.07,4.0
ORD00672,20-01-2025,CUST0299,Mumbai,Sports,1818.67,1,5.0,Credit Card,Delivered,1818.67,90.93,1727.74,4.0
ORD00137,11-02-2025,CUST0046,Mumbai,Electronics,3422.4,1,15.0,Credit Card,Delivered,3422.4,513.36,2909.04,1.0
ORD01148,07-05-2025,CUST0011,Jaipur,Home & Kitchen,3505.27,1,15.0,Cash on Delivery,Delivered,3505.27,525.79,2979.48,5.0
ORD00732,04-03-2025,CUST0213,Kolkata,Fashion,2357.1,1,0.0,Cash on Delivery,Cancelled,2357.1,0.0,2357.1,
ORD00004,17-04-2025,CUST0177,Chennai,Electronics,1067.59,1,15.0,UPI,Pending,1067.59,160.14,907.45,5.0
ORD00129,05-01-2025,CUST0219,Pune,Fashion,2319.55,2,5.0,Net Banking,Delivered,4639.1,231.96,4407.14,5.0
ORD00618,16-05-2025,CUST0145,Delhi,Sports,2238.76,2,15.0,Cash on Delivery,Cancelled,4477.52,671.63,3805.89,4.0
ORD00831,03-07-2025,CUST0175,Bengaluru,Home & Kitchen,2577.54,4,10.0,Debit Card,Delivered,10310.16,1031.02,9279.14,4.0
ORD00810,03-07-2025,CUST0121,Delhi,Fashion,1100.82,2,15.0,Cash on Delivery,Delivered,2201.64,330.25,1871.39,5.0
ORD01053,30-03-2025,CUST0173,Chennai,Electronics,2476.92,2,25.0,Credit Card,Delivered,4953.84,1238.46,3715.38,5.0
ORD00758,22-06-2025,CUST0043,Jaipur,Sports,2454.92,1,25.0,Debit Card,Delivered,2454.92,613.73,1841.19,3.0
ORD00480,11-09-2025,CUST0214,Delhi,Electronics,1306.99,2,20.0,Credit Card,Delivered,2613.98,522.8,2091.18,4.0
ORD00947,11-03-2025,CUST0012,Kolkata,Sports,2408.72,3,30.0,Net Banking,Delivered,7226.16,2167.85,5058.31,4.0
ORD00695,12-11-2025,CUST0218,Delhi,Fashion,1606.48,4,0.0,Cash on Delivery,Delivered,6425.92,0.0,6425.92,4.0
ORD00813,06-12-2025,CUST0072,Delhi,Beauty,2136.4,2,15.0,UPI,Delivered,4272.8,640.92,3631.88,5.0
ORD00006,08-07-2025,CUST0118,Hyderabad,Fashion,2825.37,1,15.0,Credit Card,Delivered,2825.37,423.81,2401.56,4.0
ORD00101,16-05-2025,CUST0237,Kolkata,Fashion,2345.45,3,5.0,Net Banking,Delivered,7036.35,351.82,6684.53,4.0
ORD00850,13-05-2025,CUST0085,Bengaluru,Fashion,916.14,2,0.0,Net Banking,Cancelled,1832.28,0.0,1832.28,5.0
ORD00520,05-04-2025,CUST0166,Chennai,Home & Kitchen,3100.47,2,15.0,UPI,Cancelled,6200.94,930.14,5270.8,4.0
ORD01059,15-10-2025,CUST0183,Delhi,Home & Kitchen,1303.52,3,5.0,UPI,Delivered,3910.56,195.53,3715.03,5.0
ORD00858,28-10-2025,CUST0019,Jaipur,Home & Kitchen,2206.02,3,10.0,Cash on Delivery,Delivered,6618.06,661.81,5956.25,4.0
ORD00746,24-12-2025,CUST0085,Mumbai,Electronics,875.78,4,25.0,UPI,Delivered,3503.12,875.78,2627.34,5.0
ORD00395,20-02-2025,CUST0060,Chennai,Fashion,1735.0,1,20.0,Debit Card,Returned,1735.0,347.0,1388.0,5.0
ORD00622,25-05-2025,CUST0229,Kolkata,Fashion,897.4,2,15.0,Credit Card,Delivered,1794.8,269.22,1525.58,4.0
ORD00228,07-10-2025,CUST0152,Kolkata,Home & Kitchen,1233.9,1,0.0,Net Banking,Delivered,1233.9,0.0,1233.9,5.0
ORD00846,13-11-2025,CUST0254,Mumbai,Sports,774.28,1,30.0,Debit Card,Delivered,774.28,232.28,542.0,5.0
ORD01033,16-11-2025,CUST0155,Hyderabad,Beauty,1289.94,3,20.0,Cash on Delivery,Delivered,3869.82,773.96,3095.86,5.0
ORD00655,14-05-2025,CUST0282,Hyderabad,Beauty,953.06,1,10.0,Debit Card,Delivered,953.06,95.31,857.75,4.0
ORD00399,09-07-2025,CUST0196,Delhi,Beauty,2138.67,2,20.0,Credit Card,Delivered,4277.34,855.47,3421.87,5.0
ORD00067,17-09-2025,CUST0147,Delhi,Home & Kitchen,3010.74,3,10.0,Credit Card,Delivered,9032.22,903.22,8129.0,4.0
ORD00068,06-11-2025,CUST0112,Mumbai,Sports,917.13,1,15.0,Debit Card,Returned,917.13,137.57,779.56,3.0
ORD00378,02-11-2025,CUST0206,Delhi,Beauty,1798.22,2,5.0,Debit Card,Delivered,3596.44,179.82,3416.62,5.0
ORD00212,12-08-2025,CUST0199,Pune,Electronics,1157.63,4,10.0,Net Banking,Delivered,4630.52,463.05,4167.47,2.0
ORD00013,10-04-2025,CUST0215,Mumbai,Sports,3273.68,2,10.0,Net Banking,Delivered,6547.36,654.74,5892.62,5.0
ORD01071,14-04-2025,CUST0221,Jaipur,Fashion,3564.12,5,20.0,UPI,Delivered,17820.6,3564.12,14256.48,
ORD00831,03-07-2025,CUST0175,Bengaluru,Home & Kitchen,2577.54,4,10.0,Debit Card,Delivered,10310.16,1031.02,9279.14,4.0
ORD00300,16-10-2025,CUST0215,Chennai,Electronics,925.89,1,15.0,Debit Card,Delivered,925.89,138.88,787.01,3.0
ORD00523,30-08-2025,CUST0122,Hyderabad,Beauty,2144.49,2,5.0,UPI,Delivered,4288.98,214.45,4074.53,4.0
ORD00863,01-05-2025,CUST0288,Bengaluru,Sports,636.69,1,0.0,Credit Card,Delivered,636.69,0.0,636.69,3.0
ORD01086,16-10-2025,CUST0010,Kolkata,Fashion,2040.52,4,5.0,Cash on Delivery,Delivered,8162.08,408.1,7753.98,5.0
ORD00827,02-12-2025,CUST0146,Pune,Beauty,1850.34,1,0.0,UPI,Delivered,1850.34,0.0,1850.34,4.0
ORD01180,16-03-2025,CUST0086,Hyderabad,Home & Kitchen,4378.53,1,15.0,Credit Card,Returned,4378.53,656.78,3721.75,4.0
ORD01149,16-04-2025,CUST0010,Chennai,Fashion,2959.75,3,25.0,Cash on Delivery,Delivered,8879.25,2219.81,6659.44,5.0
ORD00363,15-10-2025,CUST0191,Hyderabad,Beauty,1354.4,1,10.0,Cash on Delivery,Delivered,1354.4,135.44,1218.96,5.0
ORD01084,07-02-2025,CUST0029,Mumbai,Beauty,2160.58,1,25.0,Credit Card,Pending,2160.58,540.14,1620.44,5.0
ORD00472,04-04-2025,CUST0153,Chennai,Fashion,3554.86,1,10.0,Net Banking,Delivered,3554.86,355.49,3199.37,1.0
ORD00047,16-06-2025,CUST0229,Hyderabad,Fashion,1028.72,1,0.0,Credit Card,Delivered,1028.72,0.0,1028.72,4.0
ORD00582,22-02-2025,CUST0177,Jaipur,Beauty,3234.6,2,0.0,Net Banking,Cancelled,6469.2,0.0,6469.2,5.0
ORD00662,30-10-2025,CUST0059,Chennai,Sports,1695.78,1,20.0,Cash on Delivery,Delivered,1695.78,339.16,1356.62,4.0
ORD00274,31-10-2025,CUST0293,Chennai,Sports,977.76,5,5.0,Net Banking,Delivered,4888.8,244.44,4644.36,1.0
ORD00527,31-03-2025,CUST0009,Delhi,Electronics,2025.91,3,10.0,Credit Card,Pending,6077.73,607.77,5469.96,5.0
ORD00238,22-11-2025,CUST0004,Mumbai,Beauty,916.81,2,30.0,Credit Card,Delivered,1833.62,550.09,1283.53,
ORD00762,03-02-2025,CUST0124,Bengaluru,Beauty,2238.32,1,10.0,UPI,Delivered,2238.32,223.83,2014.49,5.0
ORD00003,28-09-2025,CUST0084,Kolkata,Sports,1751.44,4,10.0,Cash on Delivery,Delivered,7005.76,700.58,6305.18,5.0
ORD00007,21-01-2025,CUST0063,Mumbai,Fashion,1797.96,1,25.0,Net Banking,Delivered,1797.96,449.49,1348.47,3.0
ORD00312,18-08-2025,CUST0160,Bengaluru,Home & Kitchen,3210.9,2,10.0,Credit Card,Returned,6421.8,642.18,5779.62,5.0
ORD01040,12-11-2025,CUST0062,Mumbai,Electronics,1984.2,1,25.0,Net Banking,Delivered,1984.2,496.05,1488.15,3.0
ORD00364,08-12-2025,CUST0155,Delhi,Electronics,1974.47,1,10.0,UPI,Delivered,1974.47,197.45,1777.02,5.0
ORD01101,31-12-2025,CUST0101,Jaipur,Home & Kitchen,1353.46,2,20.0,UPI,Delivered,2706.92,541.38,2165.54,4.0
ORD00216,22-02-2025,CUST0270,,Sports,989.72,1,10.0,Debit Card,Delivered,989.72,98.97,890.75,3.0
ORD00899,29-12-2025,CUST0150,Hyderabad,Beauty,1367.95,1,10.0,Credit Card,Returned,1367.95,136.79,1231.16,4.0
ORD00028,24-08-2025,CUST0222,Jaipur,Fashion,2027.79,1,15.0,Cash on Delivery,Delivered,2027.79,304.17,1723.62,5.0
ORD01169,05-11-2025,CUST0018,Mumbai,Electronics,731.1,1,5.0,Debit Card,Returned,731.1,36.56,694.54,
ORD00875,14-09-2025,CUST0049,Mumbai,Electronics,2650.42,2,15.0,Cash on Delivery,Returned,5300.84,795.13,4505.71,1.0
ORD00671,27-05-2025,CUST0251,,Sports,643.41,1,25.0,Debit Card,Delivered,643.41,160.85,482.56,5.0
ORD00932,24-03-2025,CUST0292,Bengaluru,Electronics,708.94,4,0.0,Net Banking,Returned,2835.76,0.0,2835.76,5.0
ORD00483,23-01-2025,CUST0064,Mumbai,Sports,710.87,1,25.0,UPI,Delivered,710.87,177.72,533.15,4.0
ORD00928,03-02-2025,CUST0272,Pune,Home & Kitchen,2564.82,4,5.0,Debit Card,Delivered,10259.28,512.96,9746.32,3.0
ORD00948,22-04-2025,CUST0239,Pune,Home & Kitchen,1398.73,3,20.0,Net Banking,Delivered,4196.19,839.24,3356.95,4.0
ORD00549,31-05-2025,CUST0012,Jaipur,Sports,1285.41,1,25.0,UPI,Delivered,1285.41,321.35,964.06,4.0
ORD00355,11-08-2025,CUST0092,Kolkata,Beauty,1072.66,1,15.0,Cash on Delivery,Delivered,1072.66,160.9,911.76,4.0
ORD01061,05-05-2025,CUST0282,Hyderabad,Beauty,2322.89,1,20.0,Net Banking,Cancelled,2322.89,464.58,1858.31,
ORD00424,07-11-2025,CUST0226,Delhi,Sports,1195.55,1,15.0,Credit Card,Delivered,1195.55,179.33,1016.22,1.0
ORD00257,09-04-2025,CUST0185,Kolkata,Fashion,1397.77,1,5.0,Debit Card,Delivered,1397.77,69.89,1327.88,5.0
ORD00292,04-12-2025,CUST0218,Chennai,Electronics,1349.08,2,20.0,Debit Card,Delivered,2698.16,539.63,2158.53,5.0
ORD00026,22-01-2025,CUST0113,Pune,Home & Kitchen,1437.8,2,10.0,UPI,Pending,2875.6,287.56,2588.04,5.0
ORD00337,21-08-2025,CUST0037,Bengaluru,Beauty,2251.18,2,10.0,Net Banking,Delivered,4502.36,450.24,4052.12,4.0
ORD00412,21-09-2025,CUST0285,Chennai,Electronics,1521.87,2,15.0,Debit Card,Delivered,3043.74,456.56,2587.18,4.0
ORD00048,01-10-2025,CUST0067,Delhi,Fashion,2302.93,1,15.0,Net Banking,Delivered,2302.93,345.44,1957.49,2.0
ORD00319,04-10-2025,CUST0267,Kolkata,Sports,2268.74,2,5.0,Debit Card,Delivered,4537.48,226.87,4310.61,4.0
ORD00107,18-09-2025,CUST0004,Hyderabad,Beauty,1150.19,1,10.0,UPI,Delivered,1150.19,115.02,1035.17,4.0
ORD00817,22-02-2025,CUST0154,Delhi,Sports,1180.11,1,5.0,Credit Card,Delivered,1180.11,59.01,1121.1,4.0
ORD00056,06-12-2025,CUST0078,Chennai,Electronics,2019.86,1,15.0,UPI,Delivered,2019.86,302.98,1716.88,3.0
ORD00536,16-03-2025,CUST0111,Delhi,Home & Kitchen,1979.07,2,5.0,UPI,Returned,3958.14,197.91,3760.23,3.0
ORD00214,06-05-2025,CUST0086,,Home & Kitchen,1193.79,2,0.0,Cash on Delivery,Delivered,2387.58,0.0,2387.58,4.0
ORD00121,21-06-2025,CUST0165,Bengaluru,Home & Kitchen,2439.15,2,5.0,Debit Card,Returned,4878.3,243.92,4634.38,4.0
ORD01081,16-10-2025,CUST0130,Pune,Beauty,866.76,1,15.0,Debit Card,Returned,866.76,130.01,736.75,3.0
ORD00431,27-05-2025,CUST0157,Mumbai,Electronics,882.49,3,10.0,Net Banking,Delivered,2647.47,264.75,2382.72,
ORD00534,10-11-2025,CUST0178,Delhi,Home & Kitchen,2018.38,1,0.0,Net Banking,Delivered,2018.38,0.0,2018.38,4.0
ORD00073,21-07-2025,CUST0002,Bengaluru,Home & Kitchen,3070.47,2,10.0,Cash on Delivery,Delivered,6140.94,614.09,5526.85,5.0
ORD00970,01-12-2025,CUST0281,Delhi,Sports,2462.78,1,25.0,Debit Card,Delivered,2462.78,615.7,1847.08,4.0
ORD01019,04-04-2025,CUST0103,Bengaluru,Electronics,3475.13,2,10.0,UPI,Delivered,6950.26,695.03,6255.23,4.0
ORD00632,01-07-2025,CUST0266,Hyderabad,Electronics,2905.76,2,0.0,Net Banking,Pending,5811.52,0.0,5811.52,1.0
ORD00964,11-08-2025,CUST0130,Jaipur,Beauty,3888.68,1,0.0,Net Banking,Delivered,3888.68,0.0,3888.68,4.0
ORD00913,06-05-2025,CUST0030,Jaipur,Electronics,2253.24,4,5.0,UPI,Returned,9012.96,450.65,8562.31,4.0
ORD00803,04-09-2025,CUST0277,Kolkata,Fashion,1471.21,3,10.0,UPI,Delivered,4413.63,441.36,3972.27,4.0
ORD00567,19-01-2025,CUST0131,Bengaluru,Electronics,1019.81,1,0.0,Net Banking,Delivered,1019.81,0.0,1019.81,3.0
ORD00729,24-09-2025,CUST0279,Bengaluru,Home & Kitchen,3414.01,2,0.0,Debit Card,Delivered,6828.02,0.0,6828.02,4.0
ORD00747,16-09-2025,CUST0282,Jaipur,Electronics,801.45,1,20.0,Cash on Delivery,Delivered,801.45,160.29,641.16,4.0
ORD00515,26-11-2025,CUST0077,Hyderabad,Beauty,494.64,1,5.0,Net Banking,Delivered,494.64,24.73,469.91,3.0
ORD00326,04-01-2025,CUST0170,Pune,Fashion,1319.02,2,25.0,Cash on Delivery,Cancelled,2638.04,659.51,1978.53,4.0
ORD00945,04-10-2025,CUST0101,Bengaluru,Sports,1028.08,3,20.0,UPI,Delivered,3084.24,616.85,2467.39,3.0
ORD00317,27-01-2025,CUST0068,Mumbai,Sports,1421.93,1,20.0,UPI,Cancelled,1421.93,284.39,1137.54,5.0
ORD00812,30-09-2025,CUST0170,Delhi,Fashion,1070.44,1,10.0,Cash on Delivery,Delivered,1070.44,107.04,963.4,4.0
ORD00847,22-01-2025,CUST0258,Bengaluru,Electronics,2781.71,1,5.0,Credit Card,Returned,2781.71,139.09,2642.62,
ORD00542,11-07-2025,CUST0003,Hyderabad,Fashion,462.26,1,15.0,Net Banking,Delivered,462.26,69.34,392.92,5.0
ORD00702,11-07-2025,CUST0289,Hyderabad,Home & Kitchen,2077.23,1,,Net Banking,Delivered,2077.23,519.31,1557.92,1.0
ORD01035,24-11-2025,CUST0014,Jaipur,Electronics,574.63,2,5.0,Debit Card,Pending,1149.26,57.46,1091.8,3.0
ORD00766,08-02-2025,CUST0051,Hyderabad,Electronics,1719.16,3,15.0,Net Banking,Delivered,5157.48,773.62,4383.86,3.0
ORD00561,30-09-2025,CUST0300,Hyderabad,Electronics,1174.33,2,10.0,Credit Card,Delivered,2348.66,234.87,2113.79,4.0
ORD00061,22-03-2025,CUST0223,Hyderabad,Electronics,4319.44,4,20.0,Net Banking,Delivered,17277.76,3455.55,13822.21,2.0
ORD00740,09-04-2025,CUST0291,Kolkata,Sports,1401.95,1,15.0,UPI,Delivered,1401.95,210.29,1191.66,1.0
ORD00093,15-01-2025,CUST0128,Kolkata,Home & Kitchen,4399.51,2,,Cash on Delivery,Delivered,8799.02,1759.8,7039.22,4.0
ORD00877,23-04-2025,CUST0005,Bengaluru,Sports,1906.93,1,25.0,Credit Card,Delivered,1906.93,476.73,1430.2,1.0
ORD00713,16-07-2025,CUST0073,Pune,Electronics,704.64,1,10.0,Cash on Delivery,Pending,704.64,70.46,634.18,5.0
ORD00352,08-05-2025,CUST0216,Pune,Beauty,1042.75,2,25.0,Cash on Delivery,Delivered,2085.5,521.38,1564.12,2.0
ORD00954,05-04-2025,CUST0158,Hyderabad,Electronics,1074.38,1,0.0,Net Banking,Delivered,1074.38,0.0,1074.38,4.0
ORD00281,26-04-2025,CUST0153,Pune,Fashion,1432.27,2,5.0,UPI,Delivered,2864.54,143.23,2721.31,4.0
ORD01089,27-03-2025,CUST0277,Delhi,Electronics,916.69,3,15.0,UPI,Delivered,2750.07,412.51,2337.56,3.0
ORD00423,21-12-2025,CUST0026,Delhi,Fashion,2079.21,1,15.0,Debit Card,Delivered,2079.21,311.88,1767.33,5.0
ORD00360,23-06-2025,CUST0045,Hyderabad,Sports,716.72,2,20.0,Net Banking,Returned,1433.44,286.69,1146.75,4.0
ORD00494,06-04-2025,CUST0289,Chennai,Sports,786.11,2,30.0,Cash on Delivery,Delivered,1572.22,471.67,1100.55,
ORD00562,03-03-2025,CUST0082,Delhi,Home & Kitchen,1594.04,4,30.0,Net Banking,Delivered,6376.16,1912.85,4463.31,2.0
ORD00851,21-08-2025,CUST0146,Delhi,Electronics,770.29,3,10.0,Credit Card,Delivered,2310.87,231.09,2079.78,5.0
ORD00589,11-02-2025,CUST0262,Hyderabad,Electronics,3097.29,2,10.0,UPI,Delivered,6194.58,619.46,5575.12,5.0
ORD00669,13-06-2025,CUST0242,Mumbai,Home & Kitchen,1239.71,1,20.0,Net Banking,Delivered,1239.71,247.94,991.77,5.0
ORD01091,10-01-2025,CUST0203,Delhi,Electronics,1218.2,5,10.0,UPI,Delivered,6091.0,609.1,5481.9,4.0
ORD00183,17-05-2025,CUST0229,Delhi,Beauty,1898.96,4,0.0,Cash on Delivery,Delivered,7595.84,0.0,7595.84,5.0
ORD01085,07-04-2025,CUST0097,Jaipur,Home & Kitchen,1373.19,1,20.0,Cash on Delivery,Cancelled,1373.19,274.64,1098.55,4.0
ORD00459,10-03-2025,CUST0060,Mumbai,Home & Kitchen,1692.33,2,25.0,Net Banking,Delivered,3384.66,846.16,2538.5,4.0
ORD00111,15-05-2025,CUST0098,Pune,Fashion,1035.51,5,25.0,Cash on Delivery,Delivered,5177.55,1294.39,3883.16,5.0
ORD00371,03-09-2025,CUST0031,Hyderabad,Electronics,1635.56,1,30.0,Cash on Delivery,Delivered,1635.56,490.67,1144.89,5.0
ORD00240,16-09-2025,CUST0161,,Fashion,3440.09,1,5.0,Debit Card,Delivered,3440.09,172.0,3268.09,5.0
ORD01106,16-05-2025,CUST0109,Delhi,Electronics,1554.67,4,25.0,UPI,Delivered,6218.68,1554.67,4664.01,2.0
ORD01139,21-04-2025,CUST0164,Mumbai,Beauty,2639.77,1,0.0,Credit Card,Delivered,2639.77,0.0,2639.77,2.0
ORD00931,24-08-2025,CUST0142,Chennai,Electronics,429.79,1,0.0,Net Banking,Delivered,429.79,0.0,429.79,2.0
ORD00205,06-07-2025,CUST0143,Kolkata,Sports,4596.87,2,15.0,Credit Card,Returned,9193.74,1379.06,7814.68,4.0
ORD00824,06-09-2025,CUST0060,Hyderabad,Sports,2391.18,5,10.0,Cash on Delivery,Delivered,11955.9,1195.59,10760.31,2.0
ORD00262,22-04-2025,CUST0065,Pune,Sports,2285.65,3,30.0,Net Banking,Delivered,6856.95,2057.08,4799.87,5.0
ORD00595,03-08-2025,CUST0268,Pune,Electronics,2096.62,1,15.0,UPI,Delivered,2096.62,314.49,1782.13,5.0
ORD00666,22-07-2025,CUST0012,Hyderabad,Electronics,2543.78,3,15.0,Credit Card,Delivered,7631.34,1144.7,6486.64,2.0
ORD00340,15-12-2025,CUST0081,Kolkata,Home & Kitchen,2307.91,1,20.0,Credit Card,Delivered,2307.91,461.58,1846.33,4.0
ORD00856,19-03-2025,CUST0280,Jaipur,Home & Kitchen,1426.24,2,0.0,Cash on Delivery,Delivered,2852.48,0.0,2852.48,5.0
ORD00845,19-06-2025,CUST0077,Mumbai,Home & Kitchen,1272.52,1,10.0,Cash on Delivery,Delivered,1272.52,127.25,1145.27,4.0
ORD00486,03-09-2025,CUST0072,Delhi,Beauty,2855.38,2,5.0,Cash on Delivery,Delivered,5710.76,285.54,5425.22,5.0
ORD00184,14-11-2025,CUST0108,Pune,Home & Kitchen,1158.34,5,10.0,Debit Card,Delivered,5791.7,579.17,5212.53,5.0
ORD00138,28-06-2025,CUST0064,Mumbai,Electronics,2598.07,2,10.0,Credit Card,Delivered,5196.14,519.61,4676.53,3.0
ORD01172,09-11-2025,CUST0126,Bengaluru,Home & Kitchen,3949.04,2,0.0,Net Banking,Delivered,7898.08,0.0,7898.08,3.0
ORD00724,06-03-2025,CUST0102,Pune,Fashion,710.32,2,15.0,Credit Card,Delivered,1420.64,213.1,1207.54,3.0
ORD01069,05-11-2025,CUST0227,Delhi,Home & Kitchen,616.01,2,5.0,Debit Card,Pending,1232.02,61.6,1170.42,3.0
ORD00081,23-10-2025,CUST0293,Pune,Home & Kitchen,3558.15,2,5.0,Debit Card,Delivered,7116.3,355.82,6760.48,4.0
ORD00514,17-06-2025,CUST0233,Mumbai,Beauty,1499.15,1,25.0,Credit Card,Delivered,1499.15,374.79,1124.36,5.0
ORD01098,08-06-2025,CUST0173,Kolkata,Beauty,1106.89,1,10.0,Net Banking,Delivered,1106.89,110.69,996.2,5.0
ORD00779,22-04-2025,CUST0144,Kolkata,Beauty,1017.07,1,5.0,Cash on Delivery,Delivered,1017.07,50.85,966.22,5.0
ORD00030,18-02-2025,CUST0132,Bengaluru,Beauty,3386.25,1,0.0,Cash on Delivery,Delivered,3386.25,0.0,3386.25,5.0
ORD01094,26-11-2025,CUST0264,Pune,Beauty,2127.04,1,5.0,Credit Card,Delivered,2127.04,106.35,2020.69,5.0
ORD00166,18-04-2025,CUST0227,Kolkata,Fashion,4393.41,1,5.0,Credit Card,Delivered,4393.41,219.67,4173.74,1.0
ORD00249,08-05-2025,CUST0141,Hyderabad,Beauty,1307.5,2,20.0,Credit Card,Delivered,2615.0,523.0,2092.0,4.0
ORD00308,22-01-2025,CUST0062,Kolkata,Home & Kitchen,443.92,4,0.0,Cash on Delivery,Delivered,1775.68,0.0,1775.68,3.0
ORD00781,30-10-2025,CUST0158,Chennai,Sports,941.59,1,10.0,Credit Card,Delivered,941.59,94.16,847.43,5.0
ORD00739,15-04-2025,CUST0224,Bengaluru,Sports,1705.77,1,20.0,Net Banking,Delivered,1705.77,341.15,1364.62,3.0
ORD00347,10-07-2025,CUST0040,Mumbai,Fashion,4188.37,1,15.0,Credit Card,Delivered,4188.37,628.26,3560.11,5.0
ORD00335,06-01-2025,CUST0176,Jaipur,Home & Kitchen,2064.11,2,15.0,Debit Card,Delivered,4128.22,619.23,3508.99,4.0
ORD00286,11-09-2025,CUST0072,Delhi,Sports,3821.39,2,20.0,UPI,Cancelled,7642.78,1528.56,6114.22,5.0
ORD00972,28-04-2025,CUST0289,Chennai,Sports,1813.26,1,10.0,Net Banking,Delivered,1813.26,181.33,1631.93,3.0
ORD00098,09-01-2025,CUST0014,Bengaluru,Fashion,1325.06,1,20.0,Net Banking,Delivered,1325.06,265.01,1060.05,4.0
ORD00627,19-10-2025,CUST0195,Hyderabad,Sports,2296.02,3,15.0,Net Banking,Delivered,6888.06,1033.21,5854.85,1.0
ORD01048,03-03-2025,CUST0013,Pune,Fashion,2087.0,3,5.0,Credit Card,Delivered,6261.0,313.05,5947.95,5.0
ORD00934,11-04-2025,CUST0114,Chennai,Fashion,1669.98,1,5.0,Debit Card,Delivered,1669.98,83.5,1586.48,4.0
ORD00711,23-03-2025,CUST0192,Chennai,Sports,716.95,1,0.0,Debit Card,Returned,716.95,0.0,716.95,5.0
ORD00840,02-05-2025,CUST0143,Kolkata,Fashion,1252.85,1,10.0,Credit Card,Delivered,1252.85,125.28,1127.57,2.0
ORD00629,09-09-2025,CUST0270,Mumbai,Home & Kitchen,702.97,3,25.0,Cash on Delivery,Delivered,2108.91,527.23,1581.68,4.0
ORD00820,23-08-2025,CUST0050,Pune,Beauty,3166.61,1,25.0,UPI,Delivered,3166.61,791.65,2374.96,4.0
ORD00775,24-08-2025,CUST0239,Hyderabad,Sports,925.66,1,0.0,UPI,Delivered,925.66,0.0,925.66,4.0
ORD00971,14-05-2025,CUST0253,Mumbai,Electronics,1345.21,2,0.0,Credit Card,Returned,2690.42,0.0,2690.42,2.0
ORD00066,16-04-2025,CUST0085,Pune,Home & Kitchen,2400.39,1,10.0,UPI,Delivered,2400.39,240.04,2160.35,4.0
ORD01008,13-01-2025,CUST0083,Delhi,Electronics,1511.97,1,10.0,Net Banking,Delivered,1511.97,151.2,1360.77,4.0
ORD00761,15-10-2025,CUST0117,Chennai,Fashion,2984.1,5,20.0,Cash on Delivery,Delivered,14920.5,2984.1,11936.4,5.0
ORD00583,31-05-2025,CUST0096,Kolkata,Beauty,1882.72,2,25.0,Cash on Delivery,Delivered,3765.44,941.36,2824.08,3.0
ORD01095,19-12-2025,CUST0214,Pune,Beauty,2062.67,1,15.0,Cash on Delivery,Delivered,2062.67,309.4,1753.27,2.0
ORD01110,20-11-2025,CUST0148,Chennai,Fashion,2292.35,3,10.0,Credit Card,Cancelled,6877.05,687.7,6189.35,
ORD00303,15-05-2025,CUST0099,Bengaluru,Beauty,2718.85,2,10.0,Net Banking,Delivered,5437.7,543.77,4893.93,5.0
ORD00255,31-05-2025,CUST0245,Delhi,Electronics,1994.44,1,30.0,Credit Card,Delivered,1994.44,598.33,1396.11,4.0
ORD00981,13-05-2025,CUST0025,Hyderabad,Sports,723.75,3,15.0,Debit Card,Pending,2171.25,325.69,1845.56,5.0
ORD00953,16-12-2025,CUST0291,Chennai,Home & Kitchen,1726.8,1,20.0,Net Banking,Delivered,1726.8,345.36,1381.44,4.0
ORD00313,31-12-2025,CUST0227,Kolkata,Sports,1578.53,1,10.0,Credit Card,Delivered,1578.53,157.85,1420.68,
ORD00543,15-08-2025,CUST0127,Hyderabad,Home & Kitchen,1207.3,2,15.0,Net Banking,Delivered,2414.6,362.19,2052.41,4.0
ORD00222,20-11-2025,CUST0082,Jaipur,Beauty,1367.38,1,20.0,UPI,Delivered,1367.38,273.48,1093.9,3.0
ORD00478,10-04-2025,CUST0009,Kolkata,Home & Kitchen,1012.66,1,10.0,Credit Card,Delivered,1012.66,101.27,911.39,2.0
ORD00389,02-04-2025,CUST0223,Chennai,Fashion,1427.16,1,15.0,Credit Card,Delivered,1427.16,214.07,1213.09,5.0
ORD00236,04-05-2025,CUST0039,Chennai,Electronics,333.13,1,15.0,Debit Card,Delivered,333.13,49.97,283.16,4.0
ORD00860,09-10-2025,CUST0218,Jaipur,Electronics,1869.0,1,20.0,Cash on Delivery,Delivered,1869.0,373.8,1495.2,4.0
ORD00984,20-11-2025,CUST0173,Jaipur,Fashion,481.91,1,25.0,Cash on Delivery,Delivered,481.91,120.48,361.43,4.0
ORD01055,24-11-2025,CUST0164,,Fashion,2682.11,1,25.0,Credit Card,Delivered,2682.11,670.53,2011.58,4.0
ORD00306,02-02-2025,CUST0061,Chennai,Electronics,2209.28,1,10.0,UPI,Returned,2209.28,220.93,1988.35,4.0
ORD01122,28-05-2025,CUST0038,Chennai,Sports,974.1,2,5.0,UPI,Delivered,1948.2,97.41,1850.79,3.0
ORD00808,12-10-2025,CUST0271,Hyderabad,Sports,2108.67,1,15.0,Debit Card,Delivered,2108.67,316.3,1792.37,1.0
ORD00789,09-09-2025,CUST0074,Chennai,Fashion,889.85,1,10.0,Debit Card,Delivered,889.85,88.98,800.87,
ORD00938,16-11-2025,CUST0249,Delhi,Sports,2780.26,2,0.0,Debit Card,Delivered,5560.52,0.0,5560.52,5.0
ORD01150,02-04-2025,CUST0271,Chennai,Beauty,1513.1,1,30.0,Net Banking,Delivered,1513.1,453.93,1059.17,5.0
ORD00250,08-02-2025,CUST0274,Kolkata,Electronics,1350.56,1,0.0,Debit Card,Delivered,1350.56,0.0,1350.56,5.0
ORD01167,24-02-2025,CUST0268,Chennai,Sports,2897.57,1,5.0,Credit Card,Returned,2897.57,144.88,2752.69,3.0
ORD00610,19-06-2025,CUST0293,Delhi,Electronics,4027.3,1,10.0,UPI,Returned,4027.3,402.73,3624.57,5.0
ORD00072,11-06-2025,CUST0082,Hyderabad,Fashion,1130.62,1,15.0,Credit Card,Delivered,1130.62,169.59,961.03,2.0
ORD00095,06-03-2025,CUST0209,Delhi,Electronics,1664.88,3,25.0,Net Banking,Delivered,4994.64,1248.66,3745.98,4.0
ORD00788,11-07-2025,CUST0108,Hyderabad,Home & Kitchen,2135.5,1,10.0,Credit Card,Delivered,2135.5,213.55,1921.95,4.0
ORD00034,28-09-2025,CUST0288,Jaipur,Fashion,660.54,1,20.0,Net Banking,Delivered,660.54,132.11,528.43,4.0
ORD01078,15-01-2025,CUST0017,Pune,Beauty,3312.19,2,20.0,Net Banking,Delivered,6624.38,1324.88,5299.5,5.0
ORD00786,16-03-2025,CUST0090,Delhi,Electronics,3195.65,1,0.0,Net Banking,Delivered,3195.65,0.0,3195.65,3.0
ORD00594,12-06-2025,CUST0125,Kolkata,Fashion,2412.79,1,0.0,Cash on Delivery,Delivered,2412.79,0.0,2412.79,3.0
ORD00449,17-10-2025,CUST0162,Hyderabad,Fashion,1315.38,1,10.0,Cash on Delivery,Delivered,1315.38,131.54,1183.84,4.0
ORD00446,02-05-2025,CUST0257,Kolkata,Electronics,1418.4,5,0.0,UPI,Delivered,7092.0,0.0,7092.0,5.0
ORD00842,04-10-2025,CUST0011,Kolkata,Sports,1401.04,3,20.0,Credit Card,Delivered,4203.12,840.62,3362.5,4.0
ORD01198,04-03-2025,CUST0003,Jaipur,Home & Kitchen,1199.43,1,20.0,Cash on Delivery,Delivered,1199.43,239.89,959.54,4.0
ORD01062,19-12-2025,CUST0196,Bengaluru,Home & Kitchen,2598.6,1,15.0,Cash on Delivery,Delivered,2598.6,389.79,2208.81,3.0
ORD00078,03-08-2025,CUST0119,Chennai,Sports,339.04,2,10.0,Debit Card,Delivered,678.08,67.81,610.27,3.0
ORD00085,04-12-2025,CUST0053,Mumbai,Beauty,6154.6,1,0.0,UPI,Delivered,6154.6,0.0,6154.6,5.0
ORD00553,25-09-2025,CUST0147,Kolkata,Electronics,913.73,1,10.0,Net Banking,Delivered,913.73,91.37,822.36,4.0
ORD00083,27-07-2025,CUST0222,Mumbai,Electronics,3175.03,1,0.0,Credit Card,Delivered,3175.03,0.0,3175.03,3.0
ORD00458,11-07-2025,CUST0072,Mumbai,Home & Kitchen,1359.85,2,15.0,UPI,Delivered,2719.7,407.96,2311.74,5.0
ORD00754,26-03-2025,CUST0293,Hyderabad,Sports,2352.39,1,15.0,Credit Card,Returned,2352.39,352.86,1999.53,4.0
ORD00437,27-02-2025,CUST0022,Hyderabad,Sports,667.99,3,15.0,UPI,Delivered,2003.97,300.6,1703.37,4.0
ORD01109,16-02-2025,CUST0133,Delhi,Beauty,1188.0,2,0.0,Net Banking,Cancelled,2376.0,0.0,2376.0,2.0
ORD00911,19-08-2025,CUST0003,Jaipur,Sports,1681.12,2,0.0,Credit Card,Delivered,3362.24,0.0,3362.24,4.0
ORD00405,01-11-2025,CUST0193,Hyderabad,Sports,798.35,2,10.0,UPI,Delivered,1596.7,159.67,1437.03,3.0
ORD01056,22-10-2025,CUST0188,,Beauty,3310.36,1,20.0,Cash on Delivery,Delivered,3310.36,662.07,2648.29,4.0
ORD00623,23-11-2025,CUST0261,Pune,Fashion,1135.83,1,0.0,Cash on Delivery,Delivered,1135.83,0.0,1135.83,3.0
ORD01174,03-06-2025,CUST0135,Bengaluru,Home & Kitchen,2557.51,2,0.0,Net Banking,Delivered,5115.02,0.0,5115.02,4.0
ORD00105,12-06-2025,CUST0278,Delhi,Home & Kitchen,3906.49,3,20.0,Credit Card,Delivered,11719.47,2343.89,9375.58,4.0
ORD00760,17-09-2025,CUST0107,Jaipur,Sports,1952.01,1,15.0,Debit Card,Delivered,1952.01,292.8,1659.21,4.0
ORD00621,08-12-2025,CUST0163,Mumbai,Home & Kitchen,2228.48,3,25.0,UPI,Delivered,6685.44,1671.36,5014.08,5.0
ORD00063,26-12-2025,CUST0263,Mumbai,Sports,2251.88,1,0.0,Cash on Delivery,Delivered,2251.88,0.0,2251.88,5.0
ORD00282,16-03-2025,CUST0199,Chennai,Fashion,514.71,2,10.0,Credit Card,Pending,1029.42,102.94,926.48,4.0
ORD00679,23-02-2025,CUST0184,Bengaluru,Home & Kitchen,1075.91,2,15.0,Credit Card,Delivered,2151.82,322.77,1829.05,5.0
ORD00239,15-12-2025,CUST0210,Chennai,Electronics,2635.51,2,0.0,Credit Card,Delivered,5271.02,0.0,5271.02,1.0
ORD00224,03-07-2025,CUST0103,Hyderabad,Beauty,816.56,1,5.0,Net Banking,Delivered,816.56,40.83,775.73,4.0
ORD00146,19-08-2025,CUST0267,Mumbai,Electronics,1245.3,1,10.0,Net Banking,Delivered,1245.3,124.53,1120.77,4.0
ORD01154,23-10-2025,CUST0124,Pune,Home & Kitchen,2882.22,1,0.0,Cash on Delivery,Delivered,2882.22,0.0,2882.22,4.0
ORD00374,19-06-2025,CUST0158,Chennai,Fashion,889.37,2,30.0,Credit Card,Delivered,1778.74,533.62,1245.12,2.0
ORD00119,20-10-2025,CUST0034,Hyderabad,Sports,2216.55,2,20.0,UPI,Delivered,4433.1,886.62,3546.48,5.0
ORD00821,12-02-2025,CUST0152,Pune,Sports,2749.33,1,20.0,Cash on Delivery,Delivered,2749.33,549.87,2199.46,5.0
ORD00251,04-12-2025,CUST0096,Mumbai,Fashion,1972.68,1,10.0,UPI,Delivered,1972.68,197.27,1775.41,4.0
ORD01168,29-05-2025,CUST0233,Mumbai,Home & Kitchen,3627.79,1,15.0,UPI,Delivered,3627.79,544.17,3083.62,3.0
ORD00010,03-08-2025,CUST0257,Pune,Beauty,1256.73,2,30.0,Cash on Delivery,Delivered,2513.46,754.04,1759.42,4.0
ORD00450,06-04-2025,CUST0163,Chennai,Sports,523.95,1,15.0,Net Banking,Delivered,523.95,78.59,445.36,3.0
ORD00894,08-11-2025,CUST0209,Pune,Home & Kitchen,4344.34,1,15.0,UPI,Delivered,4344.34,651.65,3692.69,4.0
ORD00390,20-12-2025,CUST0188,Bengaluru,Sports,1387.02,1,5.0,Cash on Delivery,Delivered,1387.02,69.35,1317.67,4.0
ORD01076,28-06-2025,CUST0105,Jaipur,Home & Kitchen,539.29,1,10.0,Credit Card,Delivered,539.29,53.93,485.36,4.0
ORD00922,21-08-2025,CUST0286,Pune,Beauty,1191.14,1,10.0,Net Banking,Cancelled,1191.14,119.11,1072.03,4.0
ORD00461,15-12-2025,CUST0093,Mumbai,Electronics,4776.32,1,10.0,Cash on Delivery,Cancelled,4776.32,477.63,4298.69,4.0
ORD01116,31-08-2025,CUST0028,Hyderabad,Fashion,683.01,1,5.0,Cash on Delivery,Delivered,683.01,34.15,648.86,1.0
ORD00145,10-08-2025,CUST0149,Hyderabad,Electronics,1385.25,2,30.0,Credit Card,Delivered,2770.5,831.15,1939.35,5.0
ORD00502,15-09-2025,CUST0046,Kolkata,Beauty,780.49,5,0.0,Cash on Delivery,Delivered,3902.45,0.0,3902.45,
ORD01119,26-10-2025,CUST0261,Bengaluru,Home & Kitchen,1106.45,5,15.0,Cash on Delivery,Delivered,5532.25,829.84,4702.41,3.0
ORD00540,13-06-2025,CUST0208,Hyderabad,Fashion,1356.78,1,25.0,UPI,Returned,1356.78,339.2,1017.58,5.0
ORD00178,26-04-2025,CUST0042,Mumbai,Fashion,1410.43,4,0.0,Debit Card,Delivered,5641.72,0.0,5641.72,5.0
ORD01170,17-05-2025,CUST0149,Mumbai,Beauty,1108.6,3,15.0,Net Banking,Delivered,3325.8,498.87,2826.93,4.0
ORD00716,08-11-2025,CUST0089,Hyderabad,Electronics,3916.12,3,25.0,Cash on Delivery,Delivered,11748.36,2937.09,8811.27,
ORD00599,26-05-2025,CUST0040,Pune,Home & Kitchen,4518.79,1,15.0,Credit Card,Returned,4518.79,677.82,3840.97,5.0
ORD00152,13-01-2025,CUST0295,Bengaluru,Beauty,3319.43,1,20.0,Cash on Delivery,Delivered,3319.43,663.89,2655.54,4.0
ORD00008,13-04-2025,CUST0189,Hyderabad,Home & Kitchen,988.43,2,20.0,Cash on Delivery,Delivered,1976.86,395.37,1581.49,5.0
ORD00571,17-03-2025,CUST0093,Mumbai,Sports,857.4,4,20.0,Cash on Delivery,Delivered,3429.6,685.92,2743.68,5.0
ORD00862,16-02-2025,CUST0042,Mumbai,Fashion,1667.4,3,20.0,Cash on Delivery,Delivered,5002.2,1000.44,4001.76,4.0
ORD00358,19-11-2025,CUST0169,Kolkata,Home & Kitchen,1604.58,1,15.0,Credit Card,Delivered,1604.58,240.69,1363.89,4.0
ORD00330,17-01-2025,CUST0261,Bengaluru,Home & Kitchen,1747.38,2,10.0,UPI,Delivered,3494.76,349.48,3145.28,5.0
ORD00722,29-04-2025,CUST0159,Chennai,Home & Kitchen,541.13,2,0.0,Net Banking,Delivered,1082.26,0.0,1082.26,
ORD00849,01-01-2025,CUST0263,Bengaluru,Fashion,1769.81,1,10.0,Debit Card,Delivered,1769.81,176.98,1592.83,2.0
ORD00259,09-09-2025,CUST0236,Pune,Fashion,3241.84,1,10.0,Net Banking,Delivered,3241.84,324.18,2917.66,5.0
ORD00888,19-03-2025,CUST0259,Delhi,Home & Kitchen,2902.98,1,30.0,Cash on Delivery,Delivered,2902.98,870.89,2032.09,4.0
ORD00912,27-03-2025,CUST0144,Chennai,Electronics,702.53,1,10.0,Cash on Delivery,Delivered,702.53,70.25,632.28,5.0
ORD00890,31-12-2025,CUST0215,Delhi,Beauty,2408.24,3,20.0,Credit Card,Delivered,7224.72,1444.94,5779.78,5.0
ORD00616,14-06-2025,CUST0130,Delhi,Home & Kitchen,1621.03,2,0.0,UPI,Delivered,3242.06,0.0,3242.06,4.0
ORD00848,22-11-2025,CUST0291,Hyderabad,Fashion,2075.79,1,,UPI,Delivered,2075.79,311.37,1764.42,4.0
ORD00526,03-12-2025,CUST0123,Chennai,Electronics,463.87,1,0.0,UPI,Delivered,463.87,0.0,463.87,5.0
ORD01178,25-01-2025,CUST0203,Delhi,Sports,991.83,2,15.0,UPI,Delivered,1983.66,297.55,1686.11,5.0
ORD00736,10-10-2025,CUST0199,Bengaluru,Home & Kitchen,2605.37,3,20.0,UPI,Delivered,7816.11,1563.22,6252.89,5.0
ORD00769,11-06-2025,CUST0141,,Beauty,1343.38,1,5.0,Cash on Delivery,Delivered,1343.38,67.17,1276.21,5.0
ORD01152,20-02-2025,CUST0183,Bengaluru,Fashion,404.82,1,20.0,UPI,Delivered,404.82,80.96,323.86,4.0
ORD00441,14-11-2025,CUST0092,Mumbai,Electronics,1568.08,1,5.0,UPI,Pending,1568.08,78.4,1489.68,3.0
ORD00532,15-04-2025,CUST0204,Chennai,Beauty,951.89,2,10.0,Net Banking,Delivered,1903.78,190.38,1713.4,2.0
ORD01044,14-06-2025,CUST0079,Pune,Fashion,2555.64,2,20.0,Credit Card,Delivered,5111.28,1022.26,4089.02,2.0
ORD00229,21-11-2025,CUST0108,Kolkata,Electronics,1467.05,1,5.0,Debit Card,Returned,1467.05,73.35,1393.7,4.0
ORD01075,08-03-2025,CUST0113,Mumbai,Home & Kitchen,873.64,2,20.0,Debit Card,Delivered,1747.28,349.46,1397.82,5.0
ORD00213,13-08-2025,CUST0282,Jaipur,Sports,623.05,1,25.0,Net Banking,Delivered,623.05,155.76,467.29,4.0
ORD00080,09-07-2025,CUST0261,Chennai,Sports,963.22,1,15.0,Cash on Delivery,Cancelled,963.22,144.48,818.74,2.0
ORD00149,20-06-2025,CUST0164,Jaipur,Home & Kitchen,1155.83,2,15.0,Credit Card,Delivered,2311.66,346.75,1964.91,4.0
ORD00721,05-01-2025,CUST0077,Hyderabad,Beauty,1089.01,1,10.0,Debit Card,Delivered,1089.01,108.9,980.11,5.0
ORD00725,26-05-2025,CUST0132,,Sports,1383.37,1,15.0,Credit Card,Returned,1383.37,207.51,1175.86,2.0
ORD00715,10-01-2025,CUST0169,,Fashion,2998.75,1,15.0,Debit Card,Delivered,2998.75,449.81,2548.94,1.0
ORD00134,26-07-2025,CUST0173,Kolkata,Electronics,967.94,1,10.0,UPI,Delivered,967.94,96.79,871.15,4.0
ORD00844,02-04-2025,CUST0078,Pune,Fashion,443.72,3,0.0,Net Banking,Pending,1331.16,0.0,1331.16,4.0
ORD00409,28-09-2025,CUST0270,Mumbai,Electronics,795.43,2,5.0,UPI,Delivered,1590.86,79.54,1511.32,4.0
ORD00773,25-09-2025,CUST0027,Mumbai,Electronics,1029.64,1,5.0,Credit Card,Delivered,1029.64,51.48,978.16,5.0
ORD00508,02-02-2025,CUST0161,Mumbai,Beauty,1598.44,2,0.0,Net Banking,Delivered,3196.88,0.0,3196.88,4.0
ORD01011,25-03-2025,CUST0156,Kolkata,Electronics,2542.14,5,5.0,Cash on Delivery,Delivered,12710.7,635.54,12075.16,5.0
ORD00505,01-06-2025,CUST0086,Mumbai,Sports,4080.73,3,0.0,Credit Card,Delivered,12242.19,0.0,12242.19,5.0
ORD00733,05-08-2025,CUST0143,Hyderabad,Beauty,2229.75,1,10.0,Debit Card,Delivered,2229.75,222.98,2006.77,4.0
ORD00348,10-09-2025,CUST0040,Bengaluru,Beauty,5704.41,1,15.0,Net Banking,Delivered,5704.41,855.66,4848.75,4.0
ORD00387,22-05-2025,CUST0233,Chennai,Fashion,4022.77,2,5.0,Cash on Delivery,Delivered,8045.54,402.28,7643.26,1.0
ORD00001,13-04-2025,CUST0156,Delhi,Sports,781.89,2,0.0,Cash on Delivery,Delivered,1563.78,0.0,1563.78,2.0
ORD00361,07-10-2025,CUST0181,Bengaluru,Sports,779.36,2,25.0,Net Banking,Delivered,1558.72,389.68,1169.04,4.0
ORD01145,13-05-2025,CUST0288,Mumbai,Fashion,2601.54,1,25.0,Credit Card,Delivered,2601.54,650.38,1951.16,5.0
ORD00476,07-12-2025,CUST0236,Pune,Electronics,3037.29,1,15.0,UPI,Delivered,3037.29,455.59,2581.7,3.0
ORD01097,21-10-2025,CUST0079,Hyderabad,Sports,541.27,2,10.0,UPI,Delivered,1082.54,108.25,974.29,5.0
ORD00771,16-09-2025,CUST0290,Mumbai,Electronics,584.29,1,0.0,Credit Card,Delivered,584.29,0.0,584.29,4.0
ORD00173,19-08-2025,CUST0017,Delhi,Electronics,1742.84,1,0.0,Debit Card,Delivered,1742.84,0.0,1742.84,4.0
ORD00451,06-05-2025,CUST0281,Hyderabad,Beauty,2378.81,1,5.0,Credit Card,Delivered,2378.81,118.94,2259.87,1.0
ORD00126,11-04-2025,CUST0027,Bengaluru,Fashion,3187.96,1,20.0,Cash on Delivery,Delivered,3187.96,637.59,2550.37,5.0
ORD00853,12-12-2025,CUST0125,Delhi,Electronics,1590.7,2,15.0,Cash on Delivery,Cancelled,3181.4,477.21,2704.19,5.0
ORD00531,25-04-2025,CUST0041,Mumbai,Sports,761.43,1,15.0,Credit Card,Delivered,761.43,114.21,647.22,4.0
ORD00091,10-02-2025,CUST0059,Hyderabad,Home & Kitchen,1412.28,2,20.0,Credit Card,Delivered,2824.56,564.91,2259.65,5.0
ORD01173,27-04-2025,CUST0238,Delhi,Electronics,1285.05,1,10.0,Net Banking,Delivered,1285.05,128.5,1156.55,3.0
ORD00182,17-07-2025,CUST0131,Hyderabad,Electronics,3022.81,1,0.0,Credit Card,Delivered,3022.81,0.0,3022.81,4.0
ORD00701,16-08-2025,CUST0076,Chennai,Sports,645.57,2,25.0,Net Banking,Returned,1291.14,322.79,968.35,5.0
ORD01024,24-08-2025,CUST0124,Hyderabad,Beauty,935.63,1,0.0,UPI,Cancelled,935.63,0.0,935.63,4.0
ORD00252,26-12-2025,CUST0227,Hyderabad,Fashion,2739.24,2,25.0,Credit Card,Cancelled,5478.48,1369.62,4108.86,4.0
ORD00070,06-08-2025,CUST0285,Bengaluru,Fashion,1335.36,4,5.0,Net Banking,Delivered,5341.44,267.07,5074.37,4.0
ORD00132,25-12-2025,CUST0268,Hyderabad,Electronics,3033.17,2,,Cash on Delivery,Cancelled,6066.34,1213.27,4853.07,4.0
ORD00301,04-10-2025,CUST0177,Delhi,Fashion,257.49,2,20.0,Cash on Delivery,Delivered,514.98,103.0,411.98,2.0
ORD01046,05-12-2025,CUST0138,Mumbai,Fashion,2898.84,2,20.0,Cash on Delivery,Delivered,5797.68,1159.54,4638.14,5.0
ORD00327,04-02-2025,CUST0009,Jaipur,Fashion,1050.18,1,10.0,Cash on Delivery,Cancelled,1050.18,105.02,945.16,4.0
ORD01186,30-12-2025,CUST0258,Chennai,Fashion,1077.15,1,20.0,Debit Card,Cancelled,1077.15,215.43,861.72,4.0
ORD00500,02-12-2025,CUST0041,Mumbai,Fashion,3278.05,1,10.0,UPI,Returned,3278.05,327.8,2950.25,4.0
ORD00830,26-12-2025,CUST0069,Hyderabad,Beauty,2242.35,1,20.0,UPI,Delivered,2242.35,448.47,1793.88,
ORD00940,11-11-2025,CUST0190,Hyderabad,Home & Kitchen,1756.36,1,10.0,Cash on Delivery,Cancelled,1756.36,175.64,1580.72,4.0
ORD00496,21-11-2025,CUST0267,Chennai,Sports,1121.01,1,0.0,Credit Card,Delivered,1121.01,0.0,1121.01,4.0
ORD00339,07-10-2025,CUST0284,Bengaluru,Fashion,4656.29,1,5.0,UPI,Cancelled,4656.29,232.81,4423.48,2.0
ORD00986,31-07-2025,CUST0288,Mumbai,Sports,1676.1,1,25.0,Net Banking,Delivered,1676.1,419.02,1257.08,4.0
ORD00165,28-01-2025,CUST0148,Hyderabad,Fashion,1762.48,1,0.0,Debit Card,Delivered,1762.48,0.0,1762.48,3.0
ORD00029,11-12-2025,CUST0166,Mumbai,Electronics,3283.48,1,10.0,Credit Card,Delivered,3283.48,328.35,2955.13,5.0
ORD00517,13-02-2025,CUST0154,Mumbai,Fashion,2851.58,2,5.0,Cash on Delivery,Delivered,5703.16,285.16,5418.0,4.0
ORD00194,21-08-2025,CUST0080,Bengaluru,Fashion,1283.38,1,5.0,Credit Card,Returned,1283.38,64.17,1219.21,4.0
ORD00650,14-12-2025,CUST0108,Hyderabad,Electronics,2507.24,3,20.0,Credit Card,Delivered,7521.72,1504.34,6017.38,5.0
ORD00797,13-12-2025,CUST0263,Bengaluru,Home & Kitchen,1309.27,1,20.0,Credit Card,Delivered,1309.27,261.85,1047.42,3.0
ORD00170,27-11-2025,CUST0073,Delhi,Sports,2851.97,1,30.0,Credit Card,Cancelled,2851.97,855.59,1996.38,3.0
ORD00843,05-01-2025,CUST0138,Pune,Home & Kitchen,3494.87,1,10.0,Debit Card,Pending,3494.87,349.49,3145.38,5.0
ORD00174,09-07-2025,CUST0129,Hyderabad,Fashion,1867.95,2,0.0,Credit Card,Returned,3735.9,0.0,3735.9,5.0
ORD00519,12-01-2025,CUST0194,Hyderabad,Beauty,2843.81,2,0.0,Net Banking,Returned,5687.62,0.0,5687.62,4.0
ORD00941,31-12-2025,CUST0154,Mumbai,Home & Kitchen,489.95,2,0.0,Debit Card,Delivered,979.9,0.0,979.9,1.0
ORD00719,08-09-2025,CUST0073,Delhi,Electronics,2792.18,2,5.0,Credit Card,Delivered,5584.36,279.22,5305.14,4.0
ORD00492,07-09-2025,CUST0011,Chennai,Home & Kitchen,672.16,2,10.0,Debit Card,Cancelled,1344.32,134.43,1209.89,4.0
ORD00074,27-09-2025,CUST0197,Delhi,Fashion,3271.24,4,5.0,UPI,Delivered,13084.96,654.25,12430.71,3.0
ORD01004,10-01-2025,CUST0267,Bengaluru,Fashion,3684.71,1,25.0,Net Banking,Delivered,3684.71,921.18,2763.53,2.0
ORD00588,30-06-2025,CUST0066,Mumbai,Sports,1133.78,3,5.0,Credit Card,Delivered,3401.34,170.07,3231.27,5.0
ORD00235,20-07-2025,CUST0183,Kolkata,Electronics,2845.04,1,0.0,Net Banking,Delivered,2845.04,0.0,2845.04,4.0
ORD00215,10-05-2025,CUST0250,Delhi,Beauty,813.42,1,15.0,Debit Card,Delivered,813.42,122.01,691.41,5.0
ORD00969,04-01-2025,CUST0025,Bengaluru,Beauty,2357.44,3,25.0,UPI,Returned,7072.32,1768.08,5304.24,2.0
ORD00133,10-10-2025,CUST0237,Hyderabad,Fashion,2095.26,1,15.0,Debit Card,Cancelled,2095.26,314.29,1780.97,5.0
ORD00794,04-12-2025,CUST0298,Chennai,Electronics,1470.87,1,20.0,Cash on Delivery,Cancelled,1470.87,294.17,1176.7,4.0
ORD01049,12-05-2025,CUST0213,Jaipur,Sports,3127.09,3,,Net Banking,Delivered,9381.27,1407.19,7974.08,5.0
ORD00962,17-08-2025,CUST0163,Mumbai,Sports,1653.91,4,10.0,Net Banking,Delivered,6615.64,661.56,5954.08,5.0
ORD00186,13-08-2025,CUST0102,Hyderabad,Fashion,1306.19,1,30.0,Net Banking,Delivered,1306.19,391.86,914.33,4.0
ORD00042,11-05-2025,CUST0247,Chennai,Home & Kitchen,1981.08,2,10.0,Debit Card,Delivered,3962.16,396.22,3565.94,4.0
ORD00109,10-02-2025,CUST0029,Delhi,Home & Kitchen,2271.33,3,20.0,Credit Card,Delivered,6813.99,1362.8,5451.19,3.0
ORD00868,17-04-2025,CUST0229,Delhi,Fashion,1287.8,2,20.0,Net Banking,Delivered,2575.6,515.12,2060.48,4.0
ORD00569,10-04-2025,CUST0243,Bengaluru,Beauty,343.96,1,5.0,Credit Card,Returned,343.96,17.2,326.76,4.0
ORD00667,09-09-2025,CUST0276,Delhi,Electronics,1811.89,2,15.0,Credit Card,Cancelled,3623.78,543.57,3080.21,2.0
ORD01025,30-11-2025,CUST0231,Mumbai,Electronics,2475.92,2,5.0,Debit Card,Delivered,4951.84,247.59,4704.25,4.0
ORD01166,15-11-2025,CUST0039,Pune,Home & Kitchen,645.81,1,15.0,Debit Card,Delivered,645.81,96.87,548.94,4.0
ORD00484,07-09-2025,CUST0205,,Electronics,434.67,2,20.0,Debit Card,Delivered,869.34,173.87,695.47,5.0
ORD00469,08-08-2025,CUST0024,Mumbai,Beauty,947.84,3,20.0,Credit Card,Cancelled,2843.52,568.7,2274.82,5.0
ORD00025,10-11-2025,CUST0194,Hyderabad,Beauty,3851.12,1,15.0,Cash on Delivery,Delivered,3851.12,577.67,3273.45,3.0
ORD00677,23-05-2025,CUST0039,Jaipur,Electronics,597.07,1,10.0,Net Banking,Delivered,597.07,59.71,537.36,3.0
ORD00696,27-06-2025,CUST0114,Bengaluru,Fashion,1659.34,1,25.0,UPI,Pending,1659.34,414.84,1244.5,4.0
ORD01200,03-06-2025,CUST0118,Hyderabad,Electronics,3148.25,2,0.0,Credit Card,Delivered,6296.5,0.0,6296.5,2.0
ORD01120,10-10-2025,CUST0008,Bengaluru,Beauty,1878.55,1,20.0,Cash on Delivery,Delivered,1878.55,375.71,1502.84,3.0
ORD00367,04-06-2025,CUST0133,Delhi,Fashion,5132.14,1,15.0,Cash on Delivery,Delivered,5132.14,769.82,4362.32,4.0
ORD00859,14-03-2025,CUST0068,Delhi,Electronics,1484.99,2,15.0,Cash on Delivery,Delivered,2969.98,445.5,2524.48,4.0
ORD01064,04-03-2025,CUST0052,Bengaluru,Electronics,967.93,2,0.0,Debit Card,Delivered,1935.86,0.0,1935.86,4.0
ORD00384,20-01-2025,CUST0046,Kolkata,Fashion,2597.49,1,15.0,Credit Card,Delivered,2597.49,389.62,2207.87,5.0
ORD00455,25-08-2025,CUST0271,Chennai,Home & Kitchen,1744.13,1,30.0,Cash on Delivery,Delivered,1744.13,523.24,1220.89,3.0
ORD00265,31-10-2025,CUST0142,Bengaluru,Electronics,786.38,3,0.0,Credit Card,Delivered,2359.14,0.0,2359.14,4.0
ORD00778,09-11-2025,CUST0136,Kolkata,Home & Kitchen,1530.49,2,15.0,Credit Card,Delivered,3060.98,459.15,2601.83,1.0
ORD01003,27-06-2025,CUST0130,Kolkata,Home & Kitchen,1443.64,1,10.0,Debit Card,Cancelled,1443.64,144.36,1299.28,
ORD00445,27-02-2025,CUST0147,Bengaluru,Electronics,2785.77,1,10.0,UPI,Delivered,2785.77,278.58,2507.19,5.0
ORD00396,02-06-2025,CUST0222,Jaipur,Sports,1464.04,1,10.0,Cash on Delivery,Delivered,1464.04,146.4,1317.64,2.0
ORD00865,27-08-2025,CUST0109,Hyderabad,Home & Kitchen,5263.16,1,0.0,Net Banking,Delivered,5263.16,0.0,5263.16,5.0
ORD00177,01-05-2025,CUST0104,Chennai,Electronics,1691.42,4,20.0,UPI,Delivered,6765.68,1353.14,5412.54,2.0
ORD00019,15-09-2025,CUST0144,Bengaluru,Electronics,2283.19,4,0.0,UPI,Delivered,9132.76,0.0,9132.76,4.0
ORD00723,16-10-2025,CUST0098,Hyderabad,Sports,697.62,2,15.0,Net Banking,Returned,1395.24,209.29,1185.95,2.0
ORD00833,14-07-2025,CUST0108,Delhi,Home & Kitchen,844.01,2,10.0,Credit Card,Delivered,1688.02,168.8,1519.22,3.0
ORD00596,09-08-2025,CUST0131,Delhi,Fashion,979.4,2,15.0,Debit Card,Delivered,1958.8,293.82,1664.98,5.0
ORD00062,19-02-2025,CUST0007,Hyderabad,Home & Kitchen,1783.28,2,5.0,Net Banking,Delivered,3566.56,178.33,3388.23,1.0
ORD00273,27-05-2025,CUST0187,Hyderabad,Beauty,2457.13,1,10.0,Credit Card,Delivered,2457.13,245.71,2211.42,5.0
ORD01137,14-04-2025,CUST0266,Mumbai,Sports,1272.42,1,25.0,Debit Card,Delivered,1272.42,318.1,954.32,4.0
ORD00279,30-04-2025,CUST0062,Mumbai,Home & Kitchen,2094.38,1,10.0,Debit Card,Delivered,2094.38,209.44,1884.94,5.0
ORD01184,17-01-2025,CUST0285,Delhi,Home & Kitchen,1064.5,2,20.0,Credit Card,Delivered,2129.0,425.8,1703.2,3.0
ORD00369,14-04-2025,CUST0045,Kolkata,Fashion,760.8,1,10.0,Debit Card,Cancelled,760.8,76.08,684.72,1.0
ORD00907,28-01-2025,CUST0055,Bengaluru,Sports,1228.67,4,10.0,Credit Card,Cancelled,4914.68,491.47,4423.21,5.0
ORD00838,09-06-2025,CUST0150,Chennai,Fashion,2090.3,1,5.0,Debit Card,Delivered,2090.3,104.52,1985.78,4.0
ORD01031,16-11-2025,CUST0256,Bengaluru,Beauty,2008.84,2,15.0,Credit Card,Returned,4017.68,602.65,3415.03,5.0
ORD00738,08-04-2025,CUST0093,Mumbai,Home & Kitchen,748.1,2,10.0,Credit Card,Delivered,1496.2,149.62,1346.58,5.0
ORD00799,06-09-2025,CUST0173,Hyderabad,Sports,1719.34,2,0.0,Debit Card,Delivered,3438.68,0.0,3438.68,4.0
ORD00548,01-06-2025,CUST0087,Hyderabad,Electronics,2070.11,1,15.0,Credit Card,Returned,2070.11,310.52,1759.59,4.0
ORD00900,27-08-2025,CUST0300,Mumbai,Electronics,3316.11,2,5.0,Debit Card,Pending,6632.22,331.61,6300.61,4.0
ORD00689,02-05-2025,CUST0005,Bengaluru,Beauty,1149.81,2,10.0,Debit Card,Delivered,2299.62,229.96,2069.66,4.0
ORD00921,08-03-2025,CUST0121,Bengaluru,Electronics,3811.51,1,20.0,Credit Card,Delivered,3811.51,762.3,3049.21,3.0
ORD00457,08-07-2025,CUST0027,Mumbai,Electronics,2154.35,1,10.0,Cash on Delivery,Cancelled,2154.35,215.44,1938.91,1.0
ORD00394,08-12-2025,CUST0224,Delhi,Fashion,1750.07,4,20.0,Cash on Delivery,Delivered,7000.28,1400.06,5600.22,5.0
ORD00676,14-01-2025,CUST0185,Hyderabad,Home & Kitchen,4238.52,4,20.0,UPI,Delivered,16954.08,3390.82,13563.26,5.0
ORD00933,11-02-2025,CUST0151,Chennai,Home & Kitchen,2004.83,2,5.0,Debit Card,Cancelled,4009.66,200.48,3809.18,5.0
ORD00987,13-08-2025,CUST0128,Delhi,Electronics,6106.43,2,10.0,Credit Card,Delivered,12212.86,1221.29,10991.57,4.0
ORD00376,26-01-2025,CUST0082,Kolkata,Sports,3561.59,1,0.0,Net Banking,Delivered,3561.59,0.0,3561.59,4.0
ORD00413,22-02-2025,CUST0204,Bengaluru,Fashion,1359.77,3,10.0,Net Banking,Delivered,4079.31,407.93,3671.38,5.0
ORD00075,17-12-2025,CUST0011,Pune,Beauty,1977.29,3,25.0,Net Banking,Delivered,5931.87,1482.97,4448.9,5.0
ORD01133,29-10-2025,CUST0217,Bengaluru,Beauty,864.57,2,0.0,Debit Card,Delivered,1729.14,0.0,1729.14,1.0
ORD00882,30-10-2025,CUST0230,Hyderabad,Beauty,882.08,1,25.0,Cash on Delivery,Delivered,882.08,220.52,661.56,4.0
ORD00501,04-09-2025,CUST0076,Pune,Beauty,1154.63,2,10.0,Credit Card,Delivered,2309.26,230.93,2078.33,5.0
ORD00819,06-05-2025,CUST0068,Bengaluru,Sports,6217.75,1,25.0,UPI,Cancelled,6217.75,1554.44,4663.31,4.0
ORD00617,05-12-2025,CUST0231,Delhi,Electronics,2749.1,1,15.0,UPI,Delivered,2749.1,412.36,2336.74,4.0
ORD00115,02-02-2025,CUST0146,Hyderabad,Home & Kitchen,3503.33,2,5.0,Debit Card,Delivered,7006.66,350.33,6656.33,2.0
ORD00418,15-07-2025,CUST0029,Bengaluru,Sports,1811.31,1,25.0,Debit Card,Delivered,1811.31,452.83,1358.48,5.0
ORD00602,09-01-2025,CUST0282,Bengaluru,Fashion,2179.06,1,25.0,Cash on Delivery,Delivered,2179.06,544.76,1634.3,5.0
ORD00605,18-08-2025,CUST0240,Hyderabad,Home & Kitchen,2268.66,2,25.0,Net Banking,Delivered,4537.32,1134.33,3402.99,4.0
ORD00090,07-07-2025,CUST0120,,Fashion,4336.63,1,15.0,Net Banking,Delivered,4336.63,650.49,3686.14,3.0
ORD01160,11-04-2025,CUST0174,Hyderabad,Fashion,252.16,1,5.0,Cash on Delivery,Delivered,252.16,12.61,239.55,4.0
ORD00499,07-10-2025,CUST0088,Pune,Beauty,1527.86,1,15.0,UPI,Delivered,1527.86,229.18,1298.68,5.0
ORD00967,08-08-2025,CUST0256,Mumbai,Beauty,1090.43,2,20.0,Credit Card,Delivered,2180.86,436.17,1744.69,3.0
ORD00903,15-08-2025,CUST0208,Kolkata,Fashion,1163.32,1,20.0,Net Banking,Delivered,1163.32,232.66,930.66,4.0
ORD00901,01-10-2025,CUST0036,Bengaluru,Beauty,1726.28,4,30.0,UPI,Delivered,6905.12,2071.54,4833.58,2.0
ORD00012,29-03-2025,CUST0141,Hyderabad,Beauty,1851.5,2,15.0,Cash on Delivery,Delivered,3703.0,555.45,3147.55,4.0
ORD00397,05-07-2025,CUST0037,Delhi,Fashion,2592.71,1,15.0,Cash on Delivery,Delivered,2592.71,388.91,2203.8,2.0
ORD00772,02-11-2025,CUST0052,Bengaluru,Home & Kitchen,2140.22,1,0.0,Net Banking,Delivered,2140.22,0.0,2140.22,1.0
ORD00556,06-10-2025,CUST0173,Jaipur,Electronics,1503.35,1,15.0,Credit Card,Returned,1503.35,225.5,1277.85,5.0
ORD00043,03-11-2025,CUST0255,Hyderabad,Home & Kitchen,274.16,2,15.0,Net Banking,Delivered,548.32,82.25,466.07,4.0
ORD00168,06-12-2025,CUST0201,Hyderabad,Beauty,2090.23,3,10.0,Cash on Delivery,Delivered,6270.69,627.07,5643.62,3.0
ORD00417,13-04-2025,CUST0007,Hyderabad,Electronics,2948.02,1,5.0,UPI,Delivered,2948.02,147.4,2800.62,4.0
ORD00577,05-12-2025,CUST0004,Hyderabad,Electronics,2941.45,5,15.0,UPI,Delivered,14707.25,2206.09,12501.16,5.0
ORD00268,06-02-2025,CUST0293,Mumbai,Home & Kitchen,641.14,1,5.0,Credit Card,Delivered,641.14,32.06,609.08,3.0
ORD00826,02-07-2025,CUST0202,Pune,Sports,983.43,1,15.0,Net Banking,Delivered,983.43,147.51,835.92,1.0
ORD00427,26-09-2025,CUST0099,Mumbai,Fashion,1423.56,2,5.0,Cash on Delivery,Cancelled,2847.12,142.36,2704.76,2.0
ORD00691,13-06-2025,CUST0175,Jaipur,Electronics,674.71,1,5.0,Debit Card,Delivered,674.71,33.74,640.97,5.0
ORD00545,09-04-2025,CUST0188,Mumbai,Sports,1749.29,1,10.0,Debit Card,Delivered,1749.29,174.93,1574.36,2.0
ORD01134,29-12-2025,CUST0119,Bengaluru,Beauty,1293.96,1,5.0,UPI,Delivered,1293.96,64.7,1229.26,4.0
ORD00675,01-11-2025,CUST0285,Jaipur,Fashion,1364.61,1,15.0,Credit Card,Delivered,1364.61,204.69,1159.92,4.0
ORD00690,14-12-2025,CUST0086,Pune,Electronics,2426.16,1,5.0,UPI,Delivered,2426.16,121.31,2304.85,4.0
ORD01066,02-06-2025,CUST0252,Pune,Sports,2907.65,2,20.0,Cash on Delivery,Delivered,5815.3,1163.06,4652.24,5.0
ORD01188,28-06-2025,CUST0213,Hyderabad,Fashion,1686.54,2,20.0,UPI,Delivered,3373.08,674.62,2698.46,5.0
ORD01005,18-09-2025,CUST0178,Hyderabad,Fashion,2161.31,2,10.0,UPI,Cancelled,4322.62,432.26,3890.36,5.0
ORD00904,15-01-2025,CUST0106,Jaipur,Home & Kitchen,1689.31,1,10.0,Debit Card,Delivered,1689.31,168.93,1520.38,4.0
ORD00258,20-09-2025,CUST0272,Hyderabad,Sports,1345.09,2,10.0,UPI,Delivered,2690.18,269.02,2421.16,4.0
ORD00336,09-04-2025,CUST0090,Pune,Fashion,1189.96,1,5.0,Debit Card,Delivered,1189.96,59.5,1130.46,5.0
ORD00016,11-05-2025,CUST0158,Delhi,Electronics,2158.62,1,30.0,UPI,Delivered,2158.62,647.59,1511.03,4.0
ORD00923,19-04-2025,CUST0149,Kolkata,Fashion,1651.58,2,30.0,UPI,Delivered,3303.16,990.95,2312.21,5.0
ORD00325,27-05-2025,CUST0226,Hyderabad,Home & Kitchen,1874.71,2,25.0,Debit Card,Delivered,3749.42,937.36,2812.06,5.0
ORD00608,21-05-2025,CUST0014,Delhi,Sports,1654.62,2,0.0,UPI,Delivered,3309.24,0.0,3309.24,3.0
ORD01132,12-12-2025,CUST0169,Delhi,Electronics,1612.47,1,25.0,Cash on Delivery,Delivered,1612.47,403.12,1209.35,1.0
ORD00809,18-05-2025,CUST0010,Mumbai,Fashion,1436.29,1,20.0,UPI,Delivered,1436.29,287.26,1149.03,5.0
ORD00223,22-07-2025,CUST0223,Delhi,Sports,817.86,3,30.0,Cash on Delivery,Delivered,2453.58,736.07,1717.51,5.0
ORD00180,16-09-2025,CUST0039,Chennai,Home & Kitchen,707.14,1,5.0,Net Banking,Delivered,707.14,35.36,671.78,5.0
ORD00100,09-05-2025,CUST0040,Kolkata,Fashion,1603.84,1,15.0,Cash on Delivery,Delivered,1603.84,240.58,1363.26,2.0
ORD00522,10-09-2025,CUST0174,Mumbai,Electronics,3992.57,2,25.0,Debit Card,Delivered,7985.14,1996.28,5988.86,5.0
ORD00023,04-10-2025,CUST0078,Hyderabad,Fashion,2713.52,1,20.0,Credit Card,Returned,2713.52,542.7,2170.82,4.0
ORD00357,27-02-2025,CUST0059,Delhi,Home & Kitchen,1458.01,2,15.0,Net Banking,Delivered,2916.02,437.4,2478.62,5.0
ORD00734,08-12-2025,CUST0065,Bengaluru,Home & Kitchen,2303.83,1,15.0,UPI,Delivered,2303.83,345.57,1958.26,5.0
ORD00983,28-04-2025,CUST0068,Bengaluru,Electronics,1626.6,1,25.0,Net Banking,Delivered,1626.6,406.65,1219.95,4.0
ORD01123,11-01-2025,CUST0111,Pune,Electronics,2003.8,1,5.0,UPI,Delivered,2003.8,100.19,1903.61,4.0
ORD00612,02-05-2025,CUST0111,Bengaluru,Sports,2474.6,3,15.0,Debit Card,Returned,7423.8,1113.57,6310.23,4.0
ORD01030,23-10-2025,CUST0062,Bengaluru,Sports,2255.54,1,15.0,UPI,Delivered,2255.54,338.33,1917.21,4.0
ORD00341,29-10-2025,CUST0114,Hyderabad,Electronics,1474.79,5,25.0,Net Banking,Delivered,7373.95,1843.49,5530.46,3.0
ORD00432,25-05-2025,CUST0075,Delhi,Home & Kitchen,1125.65,2,5.0,Cash on Delivery,Delivered,2251.3,112.56,2138.74,3.0
ORD00963,05-02-2025,CUST0066,Pune,Home & Kitchen,2576.74,2,25.0,Net Banking,Delivered,5153.48,1288.37,3865.11,4.0
ORD00218,06-08-2025,CUST0007,Delhi,Fashion,669.7,1,10.0,Credit Card,Delivered,669.7,66.97,602.73,3.0
ORD00204,22-03-2025,CUST0268,Mumbai,Sports,1245.5,1,15.0,Net Banking,Delivered,1245.5,186.82,1058.68,5.0
ORD00927,21-04-2025,CUST0161,Jaipur,Home & Kitchen,1355.19,1,5.0,Net Banking,Delivered,1355.19,67.76,1287.43,4.0
ORD00944,30-05-2025,CUST0143,Chennai,Fashion,1270.31,3,20.0,Cash on Delivery,Pending,3810.93,762.19,3048.74,4.0
ORD00094,28-10-2025,CUST0224,Bengaluru,Electronics,598.34,2,10.0,Credit Card,Delivered,1196.68,119.67,1077.01,5.0
ORD00925,21-04-2025,CUST0231,Jaipur,Electronics,2153.25,1,25.0,Credit Card,Returned,2153.25,538.31,1614.94,4.0
ORD00069,10-07-2025,CUST0036,,Fashion,2245.86,2,10.0,Net Banking,Delivered,4491.72,449.17,4042.55,3.0
ORD00959,31-08-2025,CUST0007,Hyderabad,Fashion,1935.35,2,25.0,Credit Card,Delivered,3870.7,967.68,2903.02,4.0
ORD00285,06-12-2025,CUST0059,Kolkata,Home & Kitchen,1147.31,1,10.0,Debit Card,Delivered,1147.31,114.73,1032.58,2.0
ORD00697,28-01-2025,CUST0145,Chennai,Sports,1857.76,2,10.0,UPI,Delivered,3715.52,371.55,3343.97,5.0
ORD00086,22-02-2025,CUST0280,Delhi,Electronics,653.51,1,25.0,Net Banking,Delivered,653.51,163.38,490.13,5.0
ORD00435,02-10-2025,CUST0175,Chennai,Fashion,2191.45,2,0.0,Cash on Delivery,Delivered,4382.9,0.0,4382.9,5.0
ORD00815,03-02-2025,CUST0208,Mumbai,Beauty,962.87,1,25.0,Cash on Delivery,Delivered,962.87,240.72,722.15,5.0
ORD00154,23-11-2025,CUST0227,Mumbai,Home & Kitchen,1696.85,2,20.0,Debit Card,Delivered,3393.7,678.74,2714.96,5.0
ORD00076,31-10-2025,CUST0234,Jaipur,Beauty,1837.26,1,20.0,Credit Card,Delivered,1837.26,367.45,1469.81,4.0
ORD01054,23-10-2025,CUST0160,Hyderabad,Fashion,804.1,4,25.0,UPI,Delivered,3216.4,804.1,2412.3,5.0
ORD00581,25-01-2025,CUST0050,Mumbai,Sports,1458.08,1,0.0,Net Banking,Delivered,1458.08,0.0,1458.08,2.0
ORD00447,01-01-2025,CUST0058,Jaipur,Electronics,2476.89,2,5.0,UPI,Delivered,4953.78,247.69,4706.09,4.0
ORD00704,20-07-2025,CUST0147,Delhi,Electronics,806.8,2,25.0,Credit Card,Returned,1613.6,403.4,1210.2,5.0
ORD00189,21-06-2025,CUST0101,Bengaluru,Beauty,1755.22,1,5.0,Credit Card,Delivered,1755.22,87.76,1667.46,2.0
ORD00272,09-04-2025,CUST0140,Mumbai,Electronics,1620.3,1,15.0,Debit Card,Delivered,1620.3,243.04,1377.26,3.0
ORD00237,06-07-2025,CUST0015,Hyderabad,Fashion,1197.59,3,15.0,Net Banking,Delivered,3592.77,538.92,3053.85,4.0
ORD00488,10-04-2025,CUST0274,Hyderabad,Beauty,554.49,1,5.0,Cash on Delivery,Delivered,554.49,27.72,526.77,4.0
ORD01171,21-07-2025,CUST0149,Bengaluru,Sports,1820.97,1,20.0,Debit Card,Delivered,1820.97,364.19,1456.78,3.0
ORD00560,13-10-2025,CUST0288,Delhi,Home & Kitchen,3475.67,1,5.0,UPI,Delivered,3475.67,173.78,3301.89,4.0
ORD00118,04-08-2025,CUST0041,Jaipur,Sports,2947.08,2,5.0,Debit Card,Returned,5894.16,294.71,5599.45,3.0
ORD00638,08-02-2025,CUST0001,Hyderabad,Home & Kitchen,1801.42,1,5.0,Credit Card,Delivered,1801.42,90.07,1711.35,4.0
ORD01088,15-07-2025,CUST0232,Pune,Home & Kitchen,2947.54,1,20.0,UPI,Pending,2947.54,589.51,2358.03,
ORD00751,21-07-2025,CUST0153,Mumbai,Home & Kitchen,1803.13,1,10.0,Cash on Delivery,Pending,1803.13,180.31,1622.82,4.0
ORD00513,06-03-2025,CUST0289,Hyderabad,Electronics,1293.8,2,30.0,Cash on Delivery,Pending,2587.6,776.28,1811.32,4.0
ORD00634,01-04-2025,CUST0133,Mumbai,Fashion,3090.58,2,0.0,Net Banking,Delivered,6181.16,0.0,6181.16,2.0
ORD00804,16-04-2025,CUST0214,Hyderabad,Sports,927.38,2,0.0,Cash on Delivery,Delivered,1854.76,0.0,1854.76,4.0
ORD01027,17-03-2025,CUST0063,Hyderabad,Fashion,3949.4,1,0.0,Debit Card,Delivered,3949.4,0.0,3949.4,3.0
ORD00885,02-08-2025,CUST0067,Mumbai,Beauty,898.33,3,10.0,UPI,Delivered,2694.99,269.5,2425.49,2.0
ORD00127,11-05-2025,CUST0287,Pune,Sports,2637.54,1,15.0,Credit Card,Cancelled,2637.54,395.63,2241.91,5.0
ORD00791,21-10-2025,CUST0159,Bengaluru,Electronics,1637.18,1,10.0,Net Banking,Delivered,1637.18,163.72,1473.46,4.0
ORD00117,03-03-2025,CUST0042,Chennai,Beauty,1558.72,1,0.0,Debit Card,Cancelled,1558.72,0.0,1558.72,
ORD00474,23-07-2025,CUST0206,Chennai,Beauty,1038.33,3,20.0,Credit Card,Delivered,3114.99,623.0,2491.99,4.0
ORD00741,07-11-2025,CUST0102,Bengaluru,Beauty,388.31,3,15.0,Credit Card,Cancelled,1164.93,174.74,990.19,2.0
ORD01144,20-11-2025,CUST0160,Chennai,Sports,1899.41,1,25.0,UPI,Cancelled,1899.41,474.85,1424.56,5.0
ORD00058,21-09-2025,CUST0120,Bengaluru,Fashion,990.07,3,20.0,Net Banking,Returned,2970.21,594.04,2376.17,4.0
ORD00604,10-09-2025,CUST0100,Jaipur,Fashion,1584.78,2,20.0,Credit Card,Returned,3169.56,633.91,2535.65,4.0
ORD00787,13-04-2025,CUST0263,Bengaluru,Home & Kitchen,1329.4,2,30.0,Cash on Delivery,Delivered,2658.8,797.64,1861.16,4.0
ORD00994,22-05-2025,CUST0160,Kolkata,Beauty,852.63,1,10.0,Cash on Delivery,Delivered,852.63,85.26,767.37,4.0
ORD00657,13-02-2025,CUST0001,Kolkata,Beauty,2734.63,1,0.0,Credit Card,Delivered,2734.63,0.0,2734.63,4.0
ORD00924,26-05-2025,CUST0084,Jaipur,Fashion,464.73,1,20.0,Cash on Delivery,Delivered,464.73,92.95,371.78,4.0
ORD00943,16-10-2025,CUST0262,Bengaluru,Home & Kitchen,1757.48,1,20.0,Net Banking,Delivered,1757.48,351.5,1405.98,4.0
ORD00106,16-10-2025,CUST0235,Hyderabad,Beauty,1258.02,1,0.0,Net Banking,Cancelled,1258.02,0.0,1258.02,4.0
ORD00636,12-12-2025,CUST0264,Chennai,Sports,797.45,5,10.0,Credit Card,Returned,3987.25,398.72,3588.53,3.0
ORD00370,26-10-2025,CUST0249,Delhi,Beauty,2756.66,1,25.0,Debit Card,Delivered,2756.66,689.16,2067.5,5.0
ORD00269,09-06-2025,CUST0153,Mumbai,Electronics,1178.57,5,5.0,Net Banking,Delivered,5892.85,294.64,5598.21,5.0
ORD00656,27-02-2025,CUST0285,Pune,Home & Kitchen,1672.79,2,15.0,Net Banking,Delivered,3345.58,501.84,2843.74,5.0
ORD00047,16-06-2025,CUST0229,Hyderabad,Fashion,1028.72,1,0.0,Credit Card,Delivered,1028.72,0.0,1028.72,4.0
ORD00350,13-09-2025,CUST0289,Bengaluru,Sports,1010.33,1,0.0,Debit Card,Delivered,1010.33,0.0,1010.33,5.0
ORD00774,23-02-2025,CUST0157,,Fashion,1369.59,2,0.0,Debit Card,Delivered,2739.18,0.0,2739.18,2.0
ORD00196,23-04-2025,CUST0264,Kolkata,Sports,2480.17,3,0.0,Net Banking,Delivered,7440.51,0.0,7440.51,5.0
ORD00103,19-05-2025,CUST0201,Pune,Home & Kitchen,2850.28,4,30.0,Cash on Delivery,Cancelled,11401.12,3420.34,7980.78,1.0
ORD00005,13-03-2025,CUST0148,Pune,Beauty,448.92,2,5.0,Credit Card,Delivered,897.84,44.89,852.95,5.0
ORD00620,17-11-2025,CUST0066,Jaipur,Sports,1616.53,2,20.0,UPI,Delivered,3233.06,646.61,2586.45,4.0
ORD01014,11-04-2025,CUST0080,Pune,Beauty,2664.96,1,10.0,Cash on Delivery,Delivered,2664.96,266.5,2398.46,4.0
ORD00053,22-09-2025,CUST0291,Delhi,Sports,2679.58,1,20.0,UPI,Delivered,2679.58,535.92,2143.66,4.0
ORD00264,02-01-2025,CUST0003,Chennai,Fashion,2650.87,4,20.0,Cash on Delivery,Delivered,10603.48,2120.7,8482.78,4.0
ORD01104,15-01-2025,CUST0087,Chennai,Fashion,3061.01,1,30.0,Credit Card,Returned,3061.01,918.3,2142.71,4.0
ORD00444,09-05-2025,CUST0262,Delhi,Home & Kitchen,2850.72,2,15.0,Debit Card,Cancelled,5701.44,855.22,4846.22,4.0
ORD00995,16-11-2025,CUST0043,Mumbai,Fashion,3897.07,1,0.0,Debit Card,Cancelled,3897.07,0.0,3897.07,4.0
ORD00783,17-08-2025,CUST0002,Kolkata,Fashion,2456.48,1,15.0,Net Banking,Cancelled,2456.48,368.47,2088.01,5.0
ORD00866,25-02-2025,CUST0036,Chennai,Electronics,3268.44,3,20.0,Cash on Delivery,Delivered,9805.32,1961.06,7844.26,5.0
ORD00692,31-03-2025,CUST0290,Mumbai,Beauty,2372.85,3,15.0,UPI,Pending,7118.55,1067.78,6050.77,3.0
ORD00305,08-05-2025,CUST0241,Bengaluru,Home & Kitchen,742.66,1,20.0,Cash on Delivery,Delivered,742.66,148.53,594.13,5.0
ORD00342,30-06-2025,CUST0040,Chennai,Fashion,3241.68,2,5.0,Credit Card,Delivered,6483.36,324.17,6159.19,3.0
ORD00887,28-01-2025,CUST0058,Jaipur,Fashion,4499.43,3,20.0,Debit Card,Delivered,13498.29,2699.66,10798.63,5.0
ORD00314,20-02-2025,CUST0269,,Sports,1768.79,3,15.0,Debit Card,Delivered,5306.37,795.96,4510.41,4.0
ORD00150,29-01-2025,CUST0113,Bengaluru,Electronics,2145.86,2,0.0,Cash on Delivery,Delivered,4291.72,0.0,4291.72,2.0
ORD00125,15-08-2025,CUST0117,Bengaluru,Sports,1666.86,3,10.0,Cash on Delivery,Delivered,5000.58,500.06,4500.52,5.0
ORD01074,14-05-2025,CUST0042,Chennai,Fashion,1854.42,1,0.0,Debit Card,Delivered,1854.42,0.0,1854.42,4.0
ORD00575,11-08-2025,CUST0024,Mumbai,Electronics,1540.38,1,15.0,Credit Card,Delivered,1540.38,231.06,1309.32,4.0
ORD00698,08-08-2025,CUST0026,Jaipur,Sports,4275.94,1,10.0,UPI,Delivered,4275.94,427.59,3848.35,5.0
ORD00665,01-08-2025,CUST0206,Chennai,Electronics,1496.12,2,15.0,Net Banking,Pending,2992.24,448.84,2543.4,5.0
ORD00051,14-01-2025,CUST0092,Hyderabad,Sports,2367.91,2,0.0,Cash on Delivery,Delivered,4735.82,0.0,4735.82,5.0
ORD00727,27-08-2025,CUST0019,Delhi,Sports,1220.64,1,15.0,Cash on Delivery,Delivered,1220.64,183.1,1037.54,5.0
ORD00800,15-06-2025,CUST0047,Hyderabad,Beauty,3777.84,1,10.0,UPI,Delivered,3777.84,377.78,3400.06,5.0
ORD00834,18-12-2025,CUST0226,Mumbai,Electronics,507.84,2,20.0,UPI,Delivered,1015.68,203.14,812.54,4.0
ORD00354,08-10-2025,CUST0168,Kolkata,Fashion,1791.76,1,15.0,Debit Card,Pending,1791.76,268.76,1523.0,3.0
ORD01164,09-11-2025,CUST0222,Hyderabad,Fashion,1709.41,1,10.0,Credit Card,Delivered,1709.41,170.94,1538.47,4.0
ORD00143,21-02-2025,CUST0282,Delhi,Electronics,583.0,1,5.0,Credit Card,Delivered,583.0,29.15,553.85,1.0
ORD00471,16-02-2025,CUST0015,Hyderabad,Beauty,2063.16,1,15.0,Credit Card,Pending,2063.16,309.47,1753.69,5.0
ORD00654,27-04-2025,CUST0020,Bengaluru,Beauty,1063.7,2,0.0,Cash on Delivery,Delivered,2127.4,0.0,2127.4,3.0
ORD00400,05-05-2025,CUST0242,Chennai,Beauty,908.11,1,10.0,UPI,Delivered,908.11,90.81,817.3,4.0
ORD00919,25-01-2025,CUST0005,Chennai,Home & Kitchen,932.74,3,25.0,UPI,Delivered,2798.22,699.56,2098.66,5.0
ORD00937,09-10-2025,CUST0258,,Home & Kitchen,1001.89,2,15.0,Debit Card,Delivered,2003.78,300.57,1703.21,4.0
ORD00321,07-04-2025,CUST0123,Mumbai,Beauty,438.34,2,15.0,Credit Card,Pending,876.68,131.5,745.18,4.0
ORD00020,10-12-2025,CUST0019,Mumbai,Electronics,3577.74,2,5.0,UPI,Cancelled,7155.48,357.77,6797.71,4.0
ORD00685,29-09-2025,CUST0008,Hyderabad,Home & Kitchen,5423.29,1,15.0,Cash on Delivery,Delivered,5423.29,813.49,4609.8,5.0
ORD00036,24-06-2025,CUST0162,Mumbai,Electronics,3615.57,2,10.0,Net Banking,Delivered,7231.14,723.11,6508.03,5.0
ORD00825,31-05-2025,CUST0167,Hyderabad,Home & Kitchen,2173.07,1,5.0,Credit Card,Cancelled,2173.07,108.65,2064.42,4.0
ORD00506,27-06-2025,CUST0092,Bengaluru,Home & Kitchen,1040.28,1,0.0,Net Banking,Delivered,1040.28,0.0,1040.28,5.0
ORD00828,05-04-2025,CUST0164,Hyderabad,Beauty,2106.19,1,0.0,Cash on Delivery,Delivered,2106.19,0.0,2106.19,4.0
ORD01082,19-08-2025,CUST0060,Bengaluru,Beauty,2813.55,2,10.0,Cash on Delivery,Delivered,5627.1,562.71,5064.39,5.0
ORD00408,22-11-2025,CUST0210,Jaipur,Home & Kitchen,1071.14,1,5.0,Cash on Delivery,Delivered,1071.14,53.56,1017.58,3.0
ORD00818,24-07-2025,CUST0293,Chennai,Electronics,1827.54,1,5.0,UPI,Delivered,1827.54,91.38,1736.16,4.0
ORD00538,04-10-2025,CUST0007,Mumbai,Beauty,2920.46,2,10.0,Cash on Delivery,Cancelled,5840.92,584.09,5256.83,3.0
ORD00759,24-07-2025,CUST0021,Pune,Electronics,701.1,1,25.0,Cash on Delivery,Delivered,701.1,175.28,525.82,5.0
ORD01080,06-06-2025,CUST0129,Bengaluru,Sports,848.62,2,25.0,Credit Card,Delivered,1697.24,424.31,1272.93,5.0
ORD00975,13-07-2025,CUST0270,Jaipur,Beauty,1253.08,1,15.0,Cash on Delivery,Delivered,1253.08,187.96,1065.12,5.0
ORD00039,24-02-2025,CUST0288,Delhi,Electronics,1921.89,1,10.0,Net Banking,Delivered,1921.89,192.19,1729.7,4.0
ORD00176,10-10-2025,CUST0061,Kolkata,Home & Kitchen,1032.23,2,15.0,Debit Card,Delivered,2064.46,309.67,1754.79,5.0
ORD00246,18-12-2025,CUST0251,Jaipur,Fashion,1532.6,1,15.0,Net Banking,Delivered,1532.6,229.89,1302.71,5.0
ORD00811,26-11-2025,CUST0125,Mumbai,Home & Kitchen,1726.08,3,0.0,Cash on Delivery,Returned,5178.24,0.0,5178.24,5.0
ORD00751,21-07-2025,CUST0153,Mumbai,Home & Kitchen,1803.13,1,10.0,Cash on Delivery,Pending,1803.13,180.31,1622.82,4.0
ORD00985,02-10-2025,CUST0012,Delhi,Home & Kitchen,753.64,3,10.0,Debit Card,Pending,2260.92,226.09,2034.83,2.0
ORD00785,07-03-2025,CUST0132,Chennai,Home & Kitchen,1071.79,4,15.0,Cash on Delivery,Delivered,4287.16,643.07,3644.09,5.0
ORD01197,12-10-2025,CUST0184,Kolkata,Beauty,531.69,2,0.0,Credit Card,Returned,1063.38,0.0,1063.38,3.0
ORD00490,29-06-2025,CUST0166,Mumbai,Fashion,847.96,1,20.0,Credit Card,Delivered,847.96,169.59,678.37,5.0
ORD00155,06-07-2025,CUST0098,Jaipur,Electronics,1537.69,1,15.0,Cash on Delivery,Returned,1537.69,230.65,1307.04,5.0
ORD00639,06-05-2025,CUST0064,Delhi,Electronics,1758.05,4,15.0,Credit Card,Delivered,7032.2,1054.83,5977.37,2.0
ORD00663,29-05-2025,CUST0161,Pune,Fashion,1776.61,1,15.0,Cash on Delivery,Delivered,1776.61,266.49,1510.12,3.0
ORD00854,15-02-2025,CUST0167,Hyderabad,Fashion,943.54,3,25.0,Credit Card,Delivered,2830.62,707.66,2122.96,5.0
ORD00288,22-04-2025,CUST0063,Chennai,Home & Kitchen,3188.81,2,15.0,Net Banking,Delivered,6377.62,956.64,5420.98,4.0
ORD00626,12-05-2025,CUST0010,Bengaluru,Sports,767.17,2,15.0,Net Banking,Delivered,1534.34,230.15,1304.19,2.0
ORD01138,29-07-2025,CUST0149,Pune,Electronics,675.58,1,5.0,Net Banking,Delivered,675.58,33.78,641.8,4.0
ORD00686,24-12-2025,CUST0129,Mumbai,Beauty,4090.4,1,5.0,Cash on Delivery,Delivered,4090.4,204.52,3885.88,3.0
ORD01028,04-02-2025,CUST0116,Jaipur,Sports,1369.45,2,5.0,Cash on Delivery,Returned,2738.9,136.94,2601.96,3.0
ORD00893,06-07-2025,CUST0102,Bengaluru,Beauty,2012.16,1,20.0,Debit Card,Delivered,2012.16,402.43,1609.73,4.0
ORD00570,21-08-2025,CUST0035,Hyderabad,Beauty,1346.93,1,10.0,Debit Card,Delivered,1346.93,134.69,1212.24,4.0
ORD01177,01-09-2025,CUST0224,Jaipur,Fashion,480.69,1,15.0,Net Banking,Delivered,480.69,72.1,408.59,
ORD00735,11-11-2025,CUST0076,Pune,Fashion,1237.68,1,10.0,Net Banking,Delivered,1237.68,123.77,1113.91,5.0
ORD00793,08-04-2025,CUST0241,Mumbai,Electronics,2481.05,1,10.0,Credit Card,Delivered,2481.05,248.1,2232.95,4.0
ORD00018,05-11-2025,CUST0286,Chennai,Sports,973.37,4,20.0,Debit Card,Delivered,3893.48,778.7,3114.78,4.0
ORD00128,14-09-2025,CUST0134,Mumbai,Sports,2628.98,1,0.0,Cash on Delivery,Delivered,2628.98,0.0,2628.98,4.0
ORD00323,13-11-2025,CUST0137,Hyderabad,Electronics,1581.82,2,10.0,Credit Card,Delivered,3163.64,316.36,2847.28,5.0
ORD00256,25-10-2025,CUST0236,Chennai,Sports,801.27,2,15.0,Net Banking,Delivered,1602.54,240.38,1362.16,4.0
ORD00965,06-01-2025,CUST0206,Jaipur,Fashion,1355.69,3,15.0,Net Banking,Delivered,4067.07,610.06,3457.01,4.0
ORD01191,25-01-2025,CUST0095,Chennai,Sports,1094.67,3,20.0,UPI,Delivered,3284.01,656.8,2627.21,4.0
ORD00191,11-11-2025,CUST0017,Mumbai,Fashion,1663.83,1,,Net Banking,Delivered,1663.83,0.0,1663.83,5.0
ORD00116,17-02-2025,CUST0128,Pune,Home & Kitchen,3240.59,1,15.0,UPI,Delivered,3240.59,486.09,2754.5,
ORD01194,10-12-2025,CUST0278,Bengaluru,Electronics,1637.44,2,5.0,UPI,Delivered,3274.88,163.74,3111.14,4.0
ORD00910,30-09-2025,CUST0136,Jaipur,Home & Kitchen,512.35,1,10.0,Debit Card,Delivered,512.35,51.24,461.11,5.0
ORD00607,23-06-2025,CUST0298,Jaipur,Beauty,2742.37,1,10.0,UPI,Returned,2742.37,274.24,2468.13,4.0
ORD00181,25-12-2025,CUST0291,Delhi,Sports,1682.41,1,5.0,Credit Card,Returned,1682.41,84.12,1598.29,3.0
ORD00302,31-10-2025,CUST0009,Bengaluru,Home & Kitchen,843.54,2,15.0,Credit Card,Delivered,1687.08,253.06,1434.02,4.0
ORD00497,04-01-2025,CUST0214,Bengaluru,Home & Kitchen,966.02,1,0.0,Credit Card,Delivered,966.02,0.0,966.02,5.0
ORD00349,10-06-2025,CUST0237,Delhi,Fashion,2089.34,2,20.0,Net Banking,Delivered,4178.68,835.74,3342.94,
ORD01047,19-03-2025,CUST0065,Kolkata,Fashion,5054.97,1,10.0,UPI,Delivered,5054.97,505.5,4549.47,5.0
ORD01006,18-05-2025,CUST0253,Hyderabad,Electronics,2399.5,1,10.0,Credit Card,Delivered,2399.5,239.95,2159.55,5.0
ORD00745,13-05-2025,CUST0003,Kolkata,Home & Kitchen,2125.53,1,10.0,Net Banking,Delivered,2125.53,212.55,1912.98,4.0
ORD01093,03-05-2025,CUST0290,Hyderabad,Sports,907.35,2,10.0,Debit Card,Pending,1814.7,181.47,1633.23,2.0
ORD00978,26-01-2025,CUST0025,Bengaluru,Fashion,3038.88,4,0.0,Net Banking,Delivered,12155.52,0.0,12155.52,4.0
ORD00518,12-10-2025,CUST0103,Hyderabad,Home & Kitchen,1137.06,3,10.0,UPI,Delivered,3411.18,341.12,3070.06,3.0
ORD00373,08-02-2025,CUST0160,Kolkata,Fashion,719.47,2,5.0,Debit Card,Delivered,1438.94,71.95,1366.99,3.0
ORD00046,25-11-2025,CUST0239,Pune,Fashion,1800.8,2,0.0,UPI,Delivered,3601.6,0.0,3601.6,5.0
ORD00477,08-02-2025,CUST0228,Hyderabad,Fashion,1880.86,3,25.0,Cash on Delivery,Delivered,5642.58,1410.64,4231.94,5.0
ORD00158,11-10-2025,CUST0152,Hyderabad,Electronics,1268.49,4,30.0,Credit Card,Delivered,5073.96,1522.19,3551.77,5.0
ORD01058,14-01-2025,CUST0256,Pune,Fashion,493.21,2,0.0,Net Banking,Delivered,986.42,0.0,986.42,2.0
ORD00172,14-12-2025,CUST0296,Mumbai,Beauty,2383.65,2,,Credit Card,Delivered,4767.3,476.73,4290.57,3.0
ORD00017,30-05-2025,CUST0285,Pune,Fashion,2319.39,4,15.0,Net Banking,Delivered,9277.56,1391.63,7885.93,4.0
ORD00512,19-11-2025,CUST0225,Mumbai,Sports,1778.15,1,5.0,Credit Card,Delivered,1778.15,88.91,1689.24,5.0
ORD00049,30-03-2025,CUST0051,Delhi,Electronics,1738.72,1,30.0,Credit Card,Delivered,1738.72,521.62,1217.1,3.0
ORD00192,09-06-2025,CUST0057,Pune,Home & Kitchen,1688.47,2,25.0,Credit Card,Delivered,3376.94,844.24,2532.7,5.0
ORD00547,06-04-2025,CUST0012,Kolkata,Home & Kitchen,2779.11,2,0.0,Credit Card,Returned,5558.22,0.0,5558.22,3.0
ORD00516,12-02-2025,CUST0116,Kolkata,Beauty,905.0,2,10.0,Cash on Delivery,Delivered,1810.0,181.0,1629.0,4.0
ORD01001,16-09-2025,CUST0005,Bengaluru,Home & Kitchen,1944.22,1,15.0,Credit Card,Cancelled,1944.22,291.63,1652.59,5.0
ORD00960,31-01-2025,CUST0014,Pune,Fashion,854.92,2,10.0,Credit Card,Delivered,1709.84,170.98,1538.86,5.0
ORD00829,08-01-2025,CUST0242,Bengaluru,Home & Kitchen,1269.79,3,25.0,Cash on Delivery,Delivered,3809.37,952.34,2857.03,4.0
ORD01007,21-06-2025,CUST0056,Jaipur,Electronics,1955.16,3,5.0,Credit Card,Delivered,5865.48,293.27,5572.21,5.0
ORD00481,10-08-2025,CUST0117,Hyderabad,Beauty,2302.03,2,5.0,Net Banking,Delivered,4604.06,230.2,4373.86,4.0
ORD01140,14-04-2025,CUST0140,Hyderabad,Fashion,2140.12,1,10.0,Cash on Delivery,Delivered,2140.12,214.01,1926.11,4.0
ORD00284,14-04-2025,CUST0260,Mumbai,Fashion,2630.72,1,0.0,Cash on Delivery,Delivered,2630.72,0.0,2630.72,4.0
ORD01041,13-10-2025,CUST0219,Bengaluru,Fashion,1084.38,1,20.0,UPI,Delivered,1084.38,216.88,867.5,5.0
ORD00798,04-11-2025,CUST0172,Mumbai,Electronics,1821.38,3,5.0,Debit Card,Delivered,5464.14,273.21,5190.93,3.0
ORD01158,14-09-2025,CUST0172,Mumbai,Electronics,2133.23,1,0.0,Credit Card,Delivered,2133.23,0.0,2133.23,5.0
ORD00226,12-09-2025,CUST0014,Pune,Home & Kitchen,1983.93,1,15.0,UPI,Delivered,1983.93,297.59,1686.34,5.0
ORD00027,10-09-2025,CUST0114,Bengaluru,Beauty,2660.03,1,15.0,Cash on Delivery,Delivered,2660.03,399.0,2261.03,
ORD00283,23-04-2025,CUST0052,Chennai,Home & Kitchen,1523.93,1,15.0,Net Banking,Delivered,1523.93,228.59,1295.34,4.0
ORD01161,12-12-2025,CUST0113,Delhi,Home & Kitchen,687.7,4,15.0,Credit Card,Returned,2750.8,412.62,2338.18,3.0
ORD00438,12-12-2025,CUST0027,Bengaluru,Electronics,1604.49,1,0.0,Cash on Delivery,Delivered,1604.49,0.0,1604.49,
ORD01179,31-03-2025,CUST0256,Hyderabad,Beauty,993.44,3,25.0,Net Banking,Delivered,2980.32,745.08,2235.24,
ORD00365,31-05-2025,CUST0188,Jaipur,Sports,2973.0,2,15.0,Credit Card,Delivered,5946.0,891.9,5054.1,4.0
ORD00230,08-04-2025,CUST0188,Bengaluru,Home & Kitchen,1905.23,5,5.0,Debit Card,Delivered,9526.15,476.31,9049.84,5.0
ORD00038,30-12-2025,CUST0055,Kolkata,Fashion,1134.41,2,0.0,Net Banking,Delivered,2268.82,0.0,2268.82,4.0
ORD00670,15-08-2025,CUST0216,Mumbai,Home & Kitchen,3551.05,1,20.0,Credit Card,Delivered,3551.05,710.21,2840.84,4.0
ORD00750,14-06-2025,CUST0154,Delhi,Sports,1089.84,1,5.0,UPI,Delivered,1089.84,54.49,1035.35,5.0
ORD01192,29-06-2025,CUST0088,Chennai,Fashion,2193.52,2,5.0,Debit Card,Returned,4387.04,219.35,4167.69,3.0
ORD00375,04-09-2025,CUST0039,Kolkata,Home & Kitchen,1702.62,1,30.0,Debit Card,Delivered,1702.62,510.79,1191.83,4.0
ORD00470,10-03-2025,CUST0046,Delhi,Home & Kitchen,427.08,5,5.0,Debit Card,Delivered,2135.4,106.77,2028.63,4.0
ORD00883,07-05-2025,CUST0200,Hyderabad,Home & Kitchen,1198.97,4,10.0,Debit Card,Returned,4795.88,479.59,4316.29,4.0
ORD01193,17-07-2025,CUST0044,Chennai,Sports,3440.81,1,5.0,Debit Card,Delivered,3440.81,172.04,3268.77,4.0
ORD00688,08-01-2025,CUST0157,Bengaluru,Beauty,2469.38,2,30.0,Debit Card,Pending,4938.76,1481.63,3457.13,5.0
ORD00033,07-07-2025,CUST0131,Kolkata,Home & Kitchen,4272.25,2,15.0,Debit Card,Returned,8544.5,1281.68,7262.82,5.0
ORD00640,22-06-2025,CUST0284,Chennai,Beauty,494.2,2,10.0,UPI,Delivered,988.4,98.84,889.56,4.0
ORD01050,30-03-2025,CUST0242,Pune,Home & Kitchen,796.16,1,15.0,UPI,Delivered,796.16,119.42,676.74,4.0
ORD00195,29-06-2025,CUST0216,Kolkata,Beauty,2215.46,2,10.0,Debit Card,Delivered,4430.92,443.09,3987.83,5.0
ORD01117,19-10-2025,CUST0051,Kolkata,Electronics,3093.18,1,25.0,UPI,Delivered,3093.18,773.3,2319.88,4.0
ORD01125,26-11-2025,CUST0223,Chennai,Sports,1891.3,1,15.0,Cash on Delivery,Cancelled,1891.3,283.7,1607.6,5.0
ORD00974,03-03-2025,CUST0095,Bengaluru,Sports,3673.42,3,10.0,Cash on Delivery,Delivered,11020.26,1102.03,9918.23,4.0
ORD00504,06-12-2025,CUST0080,Jaipur,Home & Kitchen,1068.0,1,,Net Banking,Cancelled,1068.0,160.2,907.8,5.0
ORD00916,25-05-2025,CUST0115,Mumbai,Beauty,2798.08,3,15.0,Debit Card,Delivered,8394.24,1259.14,7135.1,4.0
ORD01000,29-11-2025,CUST0287,Delhi,Fashion,1858.76,1,15.0,Cash on Delivery,Returned,1858.76,278.81,1579.95,5.0
ORD01195,10-06-2025,CUST0171,Bengaluru,Beauty,1792.27,2,20.0,Credit Card,Delivered,3584.54,716.91,2867.63,
ORD01099,30-10-2025,CUST0069,Hyderabad,Fashion,1384.69,1,15.0,Net Banking,Returned,1384.69,207.7,1176.99,4.0
ORD00801,01-12-2025,CUST0141,Delhi,Home & Kitchen,958.93,1,30.0,Credit Card,Returned,958.93,287.68,671.25,3.0
ORD00580,09-04-2025,CUST0152,Delhi,Fashion,552.26,2,30.0,UPI,Delivered,1104.52,331.36,773.16,5.0
ORD00161,14-02-2025,CUST0289,Bengaluru,Beauty,1466.29,2,15.0,UPI,Delivered,2932.58,439.89,2492.69,5.0
ORD00681,24-05-2025,CUST0294,Delhi,Sports,1689.92,1,15.0,Credit Card,Delivered,1689.92,253.49,1436.43,4.0
ORD00957,17-05-2025,CUST0134,Jaipur,Sports,1700.4,4,15.0,UPI,Returned,6801.6,1020.24,5781.36,5.0
ORD01142,20-06-2025,CUST0269,Bengaluru,Home & Kitchen,1055.44,5,10.0,Debit Card,Delivered,5277.2,527.72,4749.48,3.0
ORD00163,14-05-2025,CUST0036,Delhi,Beauty,2043.33,4,10.0,Credit Card,Delivered,8173.32,817.33,7355.99,5.0
ORD00822,28-08-2025,CUST0019,Delhi,Beauty,509.37,2,10.0,UPI,Delivered,1018.74,101.87,916.87,5.0
ORD00706,08-08-2025,CUST0142,Delhi,Fashion,908.69,2,25.0,Debit Card,Delivered,1817.38,454.34,1363.04,4.0
ORD01102,04-08-2025,CUST0008,Mumbai,Home & Kitchen,2429.89,1,20.0,Credit Card,Delivered,2429.89,485.98,1943.91,4.0
ORD00878,21-12-2025,CUST0027,Mumbai,Sports,1280.76,1,25.0,Net Banking,Delivered,1280.76,320.19,960.57,4.0
ORD00896,03-01-2025,CUST0286,Delhi,Home & Kitchen,2269.96,2,10.0,UPI,Delivered,4539.92,453.99,4085.93,5.0
ORD00914,27-10-2025,CUST0237,Delhi,Fashion,1480.42,2,0.0,Cash on Delivery,Delivered,2960.84,0.0,2960.84,4.0
ORD01133,29-10-2025,CUST0217,Bengaluru,Beauty,864.57,2,0.0,Debit Card,Delivered,1729.14,0.0,1729.14,1.0
ORD00153,09-06-2025,CUST0232,Delhi,Fashion,823.82,3,20.0,Net Banking,Delivered,2471.46,494.29,1977.17,2.0
ORD01002,10-06-2025,CUST0266,Mumbai,Fashion,1111.99,2,20.0,Net Banking,Delivered,2223.98,444.8,1779.18,3.0
ORD01157,24-09-2025,CUST0213,Bengaluru,Home & Kitchen,1138.56,2,,Debit Card,Delivered,2277.12,227.71,2049.41,4.0
ORD00510,11-04-2025,CUST0242,Chennai,Electronics,920.18,1,5.0,UPI,Delivered,920.18,46.01,874.17,4.0
ORD00112,20-07-2025,CUST0215,Pune,Home & Kitchen,1882.23,4,15.0,Net Banking,Returned,7528.92,1129.34,6399.58,3.0
ORD00227,21-10-2025,CUST0159,Bengaluru,Home & Kitchen,2223.29,2,5.0,Net Banking,Cancelled,4446.58,222.33,4224.25,5.0
ORD01009,17-06-2025,CUST0099,,Fashion,499.27,1,0.0,UPI,Delivered,499.27,0.0,499.27,5.0
ORD00852,12-01-2025,CUST0042,Pune,Sports,2074.07,1,20.0,UPI,Delivered,2074.07,414.81,1659.26,5.0
ORD00104,22-03-2025,CUST0246,Mumbai,Home & Kitchen,1865.17,2,20.0,Cash on Delivery,Delivered,3730.34,746.07,2984.27,4.0
ORD00422,16-02-2025,CUST0058,Pune,Home & Kitchen,3505.26,1,10.0,Debit Card,Pending,3505.26,350.53,3154.73,4.0
ORD00420,31-12-2025,CUST0134,Hyderabad,Electronics,1770.44,1,10.0,UPI,Delivered,1770.44,177.04,1593.4,4.0
ORD00968,16-03-2025,CUST0266,Pune,Home & Kitchen,2386.51,1,15.0,UPI,Delivered,2386.51,357.98,2028.53,4.0
ORD00625,28-10-2025,CUST0287,Jaipur,Sports,1330.22,2,10.0,UPI,Delivered,2660.44,266.04,2394.4,
ORD00587,19-04-2025,CUST0228,Bengaluru,Beauty,1767.46,4,10.0,Net Banking,Cancelled,7069.84,706.98,6362.86,5.0
ORD01112,22-06-2025,CUST0232,Hyderabad,Fashion,1516.19,4,5.0,Credit Card,Delivered,6064.76,303.24,5761.52,5.0
ORD00920,09-03-2025,CUST0248,Jaipur,Beauty,2890.54,1,15.0,Net Banking,Delivered,2890.54,433.58,2456.96,4.0
ORD00673,16-02-2025,CUST0126,Hyderabad,Sports,1677.01,1,0.0,Debit Card,Delivered,1677.01,0.0,1677.01,3.0
ORD00120,09-04-2025,CUST0017,Hyderabad,Electronics,1881.03,1,0.0,UPI,Delivered,1881.03,0.0,1881.03,4.0
ORD00054,12-12-2025,CUST0096,Delhi,Sports,527.71,2,,Net Banking,Delivered,1055.42,211.08,844.34,5.0
ORD00152,13-01-2025,CUST0295,Bengaluru,Beauty,3319.43,1,20.0,Cash on Delivery,Delivered,3319.43,663.89,2655.54,4.0
ORD00404,08-12-2025,CUST0012,Delhi,Home & Kitchen,864.16,2,10.0,Net Banking,Delivered,1728.32,172.83,1555.49,5.0
ORD00460,05-10-2025,CUST0145,Hyderabad,Fashion,2800.98,3,20.0,Debit Card,Delivered,8402.94,1680.59,6722.35,4.0
ORD00208,10-05-2025,CUST0047,Hyderabad,Home & Kitchen,3804.47,3,20.0,Cash on Delivery,Delivered,11413.41,2282.68,9130.73,3.0
ORD01146,20-10-2025,CUST0288,Hyderabad,Beauty,4800.0,4,5.0,UPI,Delivered,19200.0,960.0,18240.0,5.0
ORD00659,09-06-2025,CUST0035,Hyderabad,Fashion,949.07,5,10.0,Debit Card,Delivered,4745.35,474.54,4270.81,3.0
ORD01108,06-06-2025,CUST0017,Hyderabad,Electronics,1510.55,1,25.0,Cash on Delivery,Delivered,1510.55,377.64,1132.91,5.0
ORD00233,24-05-2025,CUST0293,Bengaluru,Fashion,1098.76,1,25.0,Debit Card,Delivered,1098.76,274.69,824.07,4.0
ORD00009,02-05-2025,CUST0049,Bengaluru,Electronics,1003.06,3,25.0,UPI,Delivered,3009.18,752.3,2256.88,4.0
ORD00160,19-06-2025,CUST0069,Bengaluru,Fashion,3188.96,1,25.0,Cash on Delivery,Delivered,3188.96,797.24,2391.72,5.0
ORD00037,20-02-2025,CUST0087,,Sports,2312.39,2,10.0,Net Banking,Delivered,4624.78,462.48,4162.3,1.0
ORD00453,17-02-2025,CUST0012,Hyderabad,Fashion,1825.82,3,15.0,UPI,Delivered,5477.46,821.62,4655.84,3.0
ORD00652,10-07-2025,CUST0130,Chennai,Electronics,1428.63,2,10.0,Net Banking,Delivered,2857.26,285.73,2571.53,5.0
ORD00254,24-09-2025,CUST0029,Delhi,Electronics,787.52,5,30.0,Cash on Delivery,Delivered,3937.6,1181.28,2756.32,5.0
ORD00304,14-07-2025,CUST0020,Hyderabad,Electronics,2581.91,1,15.0,UPI,Delivered,2581.91,387.29,2194.62,5.0
ORD00897,21-04-2025,CUST0116,Mumbai,Sports,863.73,1,10.0,Credit Card,Delivered,863.73,86.37,777.36,5.0
ORD01187,08-09-2025,CUST0029,Bengaluru,Beauty,995.69,2,10.0,UPI,Delivered,1991.38,199.14,1792.24,3.0
ORD00881,26-07-2025,CUST0264,Hyderabad,Electronics,376.72,1,15.0,Net Banking,Delivered,376.72,56.51,320.21,4.0
ORD00572,22-09-2025,CUST0207,Bengaluru,Fashion,2826.72,1,10.0,Credit Card,Delivered,2826.72,282.67,2544.05,4.0
ORD01012,17-11-2025,CUST0190,Mumbai,Fashion,1730.56,2,10.0,Credit Card,Delivered,3461.12,346.11,3115.01,5.0
ORD00624,05-08-2025,CUST0164,Delhi,Home & Kitchen,3541.35,1,15.0,Credit Card,Delivered,3541.35,531.2,3010.15,3.0
ORD00346,26-04-2025,CUST0056,Hyderabad,Sports,1559.93,5,20.0,Net Banking,Delivered,7799.65,1559.93,6239.72,5.0
ORD01042,18-10-2025,CUST0246,Bengaluru,Home & Kitchen,2194.81,1,0.0,Debit Card,Cancelled,2194.81,0.0,2194.81,4.0
ORD01037,27-12-2025,CUST0086,Chennai,Home & Kitchen,2388.68,1,0.0,Debit Card,Delivered,2388.68,0.0,2388.68,3.0
ORD00263,01-03-2025,CUST0177,Delhi,Beauty,1353.24,1,5.0,UPI,Delivered,1353.24,67.66,1285.58,4.0
ORD00611,10-10-2025,CUST0041,Mumbai,Electronics,716.05,1,0.0,Credit Card,Delivered,716.05,0.0,716.05,4.0
ORD00298,10-06-2025,CUST0054,Bengaluru,Fashion,1087.38,2,25.0,Credit Card,Cancelled,2174.76,543.69,1631.07,
ORD00990,20-05-2025,CUST0141,Bengaluru,Fashion,3622.3,2,0.0,Debit Card,Delivered,7244.6,0.0,7244.6,5.0
ORD00415,18-04-2025,CUST0251,Delhi,Sports,510.06,2,15.0,Debit Card,Delivered,1020.12,153.02,867.1,5.0
ORD00151,05-02-2025,CUST0187,Chennai,Home & Kitchen,772.37,2,30.0,UPI,Delivered,1544.74,463.42,1081.32,5.0
ORD00473,26-08-2025,CUST0222,Jaipur,Electronics,1010.97,2,25.0,Cash on Delivery,Delivered,2021.94,505.48,1516.46,4.0
ORD00641,21-05-2025,CUST0121,Pune,Home & Kitchen,419.5,2,0.0,Credit Card,Delivered,839.0,0.0,839.0,1.0
ORD00458,11-07-2025,CUST0072,Mumbai,Home & Kitchen,1359.85,2,15.0,UPI,Delivered,2719.7,407.96,2311.74,5.0
ORD01141,12-11-2025,CUST0258,Pune,Home & Kitchen,2068.1,1,15.0,Debit Card,Returned,2068.1,310.21,1757.89,1.0
ORD00551,12-08-2025,CUST0243,Kolkata,Fashion,3141.69,2,0.0,Credit Card,Cancelled,6283.38,0.0,6283.38,5.0
ORD00929,21-04-2025,CUST0038,Hyderabad,Home & Kitchen,2855.99,5,5.0,Cash on Delivery,Delivered,14279.95,714.0,13565.95,4.0
ORD00489,17-10-2025,CUST0095,Delhi,Fashion,724.34,1,5.0,Net Banking,Delivered,724.34,36.22,688.12,4.0
ORD01092,05-01-2025,CUST0247,Mumbai,Electronics,3164.87,1,20.0,Net Banking,Delivered,3164.87,632.97,2531.9,5.0
ORD00147,25-08-2025,CUST0296,Bengaluru,Sports,1310.14,2,15.0,Credit Card,Delivered,2620.28,393.04,2227.24,5.0
ORD00403,27-02-2025,CUST0017,Mumbai,Beauty,2665.46,1,15.0,UPI,Delivered,2665.46,399.82,2265.64,5.0
ORD00955,01-06-2025,CUST0216,Bengaluru,Sports,2516.79,1,20.0,Net Banking,Delivered,2516.79,503.36,2013.43,5.0
ORD01136,21-05-2025,CUST0255,Chennai,Fashion,606.42,2,10.0,UPI,Delivered,1212.84,121.28,1091.56,4.0
ORD00660,22-06-2025,CUST0198,Pune,Fashion,1249.64,3,25.0,Credit Card,Delivered,3748.92,937.23,2811.69,5.0
ORD00464,03-06-2025,CUST0027,Hyderabad,Electronics,1625.27,4,15.0,Cash on Delivery,Pending,6501.08,975.16,5525.92,4.0
ORD00187,03-11-2025,CUST0012,Pune,Electronics,854.85,4,10.0,Credit Card,Delivered,3419.4,341.94,3077.46,4.0
ORD00609,17-06-2025,CUST0002,Kolkata,Home & Kitchen,1670.67,1,25.0,Net Banking,Delivered,1670.67,417.67,1253.0,1.0
ORD00144,06-04-2025,CUST0029,Jaipur,Electronics,759.61,4,10.0,Cash on Delivery,Delivered,3038.44,303.84,2734.6,4.0
ORD00752,24-03-2025,CUST0012,Chennai,Home & Kitchen,4799.2,2,10.0,UPI,Delivered,9598.4,959.84,8638.56,5.0
ORD00982,22-11-2025,CUST0079,Kolkata,Home & Kitchen,2141.53,1,5.0,Cash on Delivery,Delivered,2141.53,107.08,2034.45,3.0
ORD00198,21-02-2025,CUST0081,Bengaluru,Sports,1388.5,1,10.0,UPI,Delivered,1388.5,138.85,1249.65,4.0
ORD00884,25-02-2025,CUST0050,Chennai,Electronics,3172.03,1,30.0,UPI,Delivered,3172.03,951.61,2220.42,5.0
ORD00280,10-06-2025,CUST0226,Mumbai,Sports,1530.88,2,10.0,UPI,Cancelled,3061.76,306.18,2755.58,4.0
ORD00294,06-11-2025,CUST0259,Hyderabad,Home & Kitchen,1164.19,1,10.0,Debit Card,Delivered,1164.19,116.42,1047.77,4.0
ORD01100,16-08-2025,CUST0087,Chennai,Home & Kitchen,1436.17,2,15.0,UPI,Delivered,2872.34,430.85,2441.49,2.0
ORD00401,30-05-2025,CUST0219,Hyderabad,Home & Kitchen,725.62,1,5.0,UPI,Delivered,725.62,36.28,689.34,5.0
ORD00123,02-08-2025,CUST0076,Bengaluru,Beauty,1399.11,2,15.0,Debit Card,Delivered,2798.22,419.73,2378.49,4.0
ORD00203,23-04-2025,CUST0089,Hyderabad,Electronics,1559.57,1,5.0,UPI,Returned,1559.57,77.98,1481.59,4.0
ORD00836,04-06-2025,CUST0119,Hyderabad,Sports,872.73,1,20.0,Net Banking,Delivered,872.73,174.55,698.18,4.0
ORD00247,18-07-2025,CUST0247,Chennai,Fashion,3464.76,4,5.0,Credit Card,Delivered,13859.04,692.95,13166.09,5.0
ORD01151,14-10-2025,CUST0273,Chennai,Electronics,941.31,1,5.0,Cash on Delivery,Delivered,941.31,47.07,894.24,4.0
ORD00385,17-11-2025,CUST0155,Mumbai,Beauty,3150.08,1,5.0,Net Banking,Delivered,3150.08,157.5,2992.58,5.0
ORD00855,03-02-2025,CUST0241,Jaipur,Home & Kitchen,1614.66,2,5.0,UPI,Delivered,3229.32,161.47,3067.85,
ORD00220,17-07-2025,CUST0176,Pune,Home & Kitchen,1376.86,1,25.0,Net Banking,Delivered,1376.86,344.22,1032.64,3.0
ORD00642,30-08-2025,CUST0107,Chennai,Home & Kitchen,1806.99,2,10.0,Debit Card,Delivered,3613.98,361.4,3252.58,5.0
ORD00002,15-12-2025,CUST0049,Chennai,Fashion,1326.28,1,10.0,Net Banking,Returned,1326.28,132.63,1193.65,5.0
ORD00113,24-11-2025,CUST0293,Hyderabad,Sports,591.56,1,5.0,Net Banking,Delivered,591.56,29.58,561.98,5.0
ORD00699,23-12-2025,CUST0136,Delhi,Beauty,1298.64,2,10.0,Credit Card,Delivered,2597.28,259.73,2337.55,4.0
ORD00952,14-11-2025,CUST0082,Delhi,Fashion,1804.41,1,20.0,Net Banking,Delivered,1804.41,360.88,1443.53,5.0
ORD01090,18-11-2025,CUST0284,Jaipur,Home & Kitchen,1509.08,2,20.0,Net Banking,Delivered,3018.16,603.63,2414.53,4.0
ORD00442,06-10-2025,CUST0021,Kolkata,Home & Kitchen,787.54,2,15.0,Cash on Delivery,Delivered,1575.08,236.26,1338.82,2.0
ORD00664,21-03-2025,CUST0179,Kolkata,Fashion,1343.78,1,15.0,Net Banking,Pending,1343.78,201.57,1142.21,5.0
ORD01107,18-09-2025,CUST0152,Jaipur,Fashion,3690.11,1,15.0,UPI,Delivered,3690.11,553.52,3136.59,5.0
ORD00318,14-08-2025,CUST0098,Mumbai,Sports,753.71,3,20.0,Debit Card,Delivered,2261.13,452.23,1808.9,4.0
ORD00649,01-01-2025,CUST0207,Jaipur,Electronics,620.7,1,5.0,Credit Card,Delivered,620.7,31.04,589.66,4.0
ORD00710,10-09-2025,CUST0220,Bengaluru,Electronics,2318.15,2,20.0,UPI,Returned,4636.3,927.26,3709.04,4.0
ORD00973,04-04-2025,CUST0164,Bengaluru,Fashion,1708.9,2,0.0,UPI,Delivered,3417.8,0.0,3417.8,2.0
ORD00628,11-03-2025,CUST0118,Kolkata,Fashion,3520.36,1,10.0,UPI,Delivered,3520.36,352.04,3168.32,4.0
ORD00633,16-06-2025,CUST0257,Kolkata,Fashion,1555.6,2,25.0,Cash on Delivery,Returned,3111.2,777.8,2333.4,5.0
ORD01183,13-12-2025,CUST0022,Hyderabad,Sports,1783.64,1,25.0,Cash on Delivery,Pending,1783.64,445.91,1337.73,5.0
ORD01118,09-10-2025,CUST0261,Hyderabad,Electronics,597.32,3,15.0,Credit Card,Delivered,1791.96,268.79,1523.17,5.0
ORD00796,01-12-2025,CUST0084,Kolkata,Electronics,3408.44,2,20.0,Cash on Delivery,Pending,6816.88,1363.38,5453.5,4.0
ORD00646,28-05-2025,CUST0120,Pune,Home & Kitchen,877.61,1,15.0,Cash on Delivery,Delivered,877.61,131.64,745.97,1.0
ORD01013,15-11-2025,CUST0263,Chennai,Home & Kitchen,1000.56,3,20.0,Credit Card,Delivered,3001.68,600.34,2401.34,4.0
ORD00557,05-08-2025,CUST0221,Mumbai,Beauty,2596.98,5,0.0,Debit Card,Delivered,12984.9,0.0,12984.9,4.0
ORD00682,12-01-2025,CUST0151,Pune,Electronics,1409.11,2,20.0,Net Banking,Delivered,2818.22,563.64,2254.58,5.0
ORD00578,24-05-2025,CUST0220,Mumbai,Home & Kitchen,2280.03,1,10.0,Credit Card,Returned,2280.03,228.0,2052.03,5.0
ORD00525,03-08-2025,CUST0106,Bengaluru,Home & Kitchen,2737.63,4,20.0,Cash on Delivery,Delivered,10950.52,2190.1,8760.42,3.0
ORD01060,28-06-2025,CUST0117,Jaipur,Fashion,4831.51,5,10.0,UPI,Delivered,24157.55,2415.76,21741.79,3.0
ORD00541,23-12-2025,CUST0022,Mumbai,Electronics,2112.62,1,10.0,Net Banking,Pending,2112.62,211.26,1901.36,5.0
ORD00749,22-02-2025,CUST0221,Chennai,Beauty,1874.74,2,5.0,Net Banking,Delivered,3749.48,187.47,3562.01,4.0
ORD01121,10-03-2025,CUST0138,Kolkata,Fashion,1731.73,1,10.0,Credit Card,Pending,1731.73,173.17,1558.56,4.0
ORD00485,10-01-2025,CUST0209,Delhi,Home & Kitchen,1131.4,2,,Credit Card,Cancelled,2262.8,226.28,2036.52,4.0
ORD00096,11-12-2025,CUST0115,Bengaluru,Electronics,1443.77,2,10.0,Cash on Delivery,Delivered,2887.54,288.75,2598.79,5.0
ORD01021,01-11-2025,CUST0273,Hyderabad,Electronics,2282.86,4,15.0,Net Banking,Delivered,9131.44,1369.72,7761.72,2.0
ORD00564,05-08-2025,CUST0150,Pune,Beauty,4479.54,2,20.0,Net Banking,Delivered,8959.08,1791.82,7167.26,4.0
ORD00743,16-07-2025,CUST0110,Kolkata,Home & Kitchen,1702.88,4,0.0,Debit Card,Delivered,6811.52,0.0,6811.52,5.0
ORD00864,02-08-2025,CUST0167,Bengaluru,Electronics,3410.57,5,5.0,Net Banking,Delivered,17052.85,852.64,16200.21,3.0
ORD00892,14-01-2025,CUST0258,Hyderabad,Sports,293.31,1,5.0,Debit Card,Delivered,293.31,14.67,278.64,5.0
ORD01039,27-09-2025,CUST0183,Kolkata,Home & Kitchen,2193.27,1,10.0,Credit Card,Delivered,2193.27,219.33,1973.94,2.0
ORD00207,02-01-2025,CUST0026,Delhi,Electronics,1458.15,1,0.0,Debit Card,Cancelled,1458.15,0.0,1458.15,5.0
ORD00393,03-08-2025,CUST0233,Mumbai,Fashion,1718.42,1,5.0,Credit Card,Delivered,1718.42,85.92,1632.5,5.0
ORD00795,13-10-2025,CUST0036,Bengaluru,Sports,2958.22,2,0.0,Debit Card,Delivered,5916.44,0.0,5916.44,4.0
ORD00871,02-03-2025,CUST0136,Chennai,Home & Kitchen,3040.08,2,15.0,Credit Card,Delivered,6080.16,912.02,5168.14,4.0
ORD00398,04-03-2025,CUST0278,Pune,Sports,1845.37,1,15.0,Debit Card,Delivered,1845.37,276.81,1568.56,3.0
ORD00767,03-06-2025,CUST0271,Mumbai,Fashion,2420.26,1,10.0,Net Banking,Delivered,2420.26,242.03,2178.23,5.0
ORD01111,28-11-2025,CUST0277,Kolkata,Fashion,2489.86,1,25.0,Cash on Delivery,Returned,2489.86,622.46,1867.4,2.0
ORD01029,01-01-2025,CUST0191,Bengaluru,Electronics,1377.79,1,10.0,Net Banking,Delivered,1377.79,137.78,1240.01,5.0
ORD00643,08-08-2025,CUST0175,Hyderabad,Sports,1551.51,1,20.0,Credit Card,Delivered,1551.51,310.3,1241.21,5.0
ORD00613,13-07-2025,CUST0014,Bengaluru,Beauty,3735.75,3,10.0,Debit Card,Delivered,11207.25,1120.72,10086.53,3.0
ORD00961,09-02-2025,CUST0073,Mumbai,Beauty,2433.11,1,15.0,Debit Card,Delivered,2433.11,364.97,2068.14,3.0
ORD00726,12-08-2025,CUST0102,Hyderabad,Home & Kitchen,1963.19,1,20.0,Debit Card,Returned,1963.19,392.64,1570.55,3.0
ORD00684,12-08-2025,CUST0234,Hyderabad,Beauty,751.65,1,15.0,Cash on Delivery,Delivered,751.65,112.75,638.9,4.0
ORD00099,10-12-2025,CUST0009,Mumbai,Sports,921.24,4,20.0,Credit Card,Returned,3684.96,736.99,2947.97,4.0
ORD00805,20-02-2025,CUST0220,Mumbai,Home & Kitchen,1511.19,3,10.0,UPI,Delivered,4533.57,453.36,4080.21,4.0
ORD00407,19-06-2025,CUST0120,Bengaluru,Beauty,1213.18,2,20.0,UPI,Returned,2426.36,485.27,1941.09,4.0
ORD00503,09-06-2025,CUST0160,Kolkata,Sports,1305.94,1,15.0,UPI,Delivered,1305.94,195.89,1110.05,5.0
ORD01072,08-02-2025,CUST0042,Kolkata,Electronics,861.64,2,10.0,Cash on Delivery,Delivered,1723.28,172.33,1550.95,3.0
ORD01057,14-04-2025,CUST0191,Hyderabad,Electronics,2370.48,1,25.0,UPI,Returned,2370.48,592.62,1777.86,5.0
ORD00930,21-09-2025,CUST0226,Delhi,Fashion,1299.66,2,25.0,Net Banking,Delivered,2599.32,649.83,1949.49,5.0
ORD00780,12-09-2025,CUST0106,Bengaluru,Home & Kitchen,385.05,1,,Net Banking,Returned,385.05,96.26,288.79,5.0
ORD00201,23-04-2025,CUST0200,Pune,Fashion,3715.14,1,15.0,Credit Card,Delivered,3715.14,557.27,3157.87,5.0
ORD00135,15-01-2025,CUST0190,Hyderabad,Fashion,1689.66,5,5.0,Debit Card,Delivered,8448.3,422.42,8025.88,4.0
ORD01052,11-02-2025,CUST0181,Delhi,Home & Kitchen,374.59,5,15.0,Credit Card,Delivered,1872.95,280.94,1592.01,4.0
ORD00041,16-11-2025,CUST0008,Mumbai,Electronics,1169.06,1,25.0,Cash on Delivery,Delivered,1169.06,292.26,876.8,4.0
ORD01018,07-02-2025,CUST0260,Delhi,Electronics,2038.5,2,0.0,Debit Card,Delivered,4077.0,0.0,4077.0,1.0
ORD00231,17-07-2025,CUST0098,Jaipur,Beauty,3927.4,2,10.0,Debit Card,Delivered,7854.8,785.48,7069.32,4.0
ORD00379,13-01-2025,CUST0077,Mumbai,Fashion,2521.86,1,30.0,Cash on Delivery,Delivered,2521.86,756.56,1765.3,5.0
ORD00289,09-04-2025,CUST0243,Hyderabad,Home & Kitchen,1451.99,1,25.0,Debit Card,Delivered,1451.99,363.0,1088.99,4.0
ORD00419,19-09-2025,CUST0033,Hyderabad,Sports,1394.44,1,10.0,Credit Card,Delivered,1394.44,139.44,1255.0,1.0
ORD00392,15-10-2025,CUST0074,Hyderabad,Electronics,1321.94,1,10.0,Debit Card,Delivered,1321.94,132.19,1189.75,4.0
ORD00593,13-05-2025,CUST0246,Jaipur,Electronics,817.22,2,25.0,Cash on Delivery,Returned,1634.44,408.61,1225.83,4.0
ORD01087,11-09-2025,CUST0242,,Home & Kitchen,2818.2,3,10.0,Credit Card,Delivered,8454.6,845.46,7609.14,3.0
ORD00648,27-12-2025,CUST0156,Bengaluru,Electronics,3704.72,3,0.0,Debit Card,Delivered,11114.16,0.0,11114.16,4.0
ORD00521,29-10-2025,CUST0090,Chennai,Fashion,3080.08,1,15.0,UPI,Delivered,3080.08,462.01,2618.07,3.0
ORD00065,23-02-2025,CUST0151,Chennai,Beauty,1154.93,1,5.0,Net Banking,Delivered,1154.93,57.75,1097.18,5.0
ORD00015,01-06-2025,CUST0032,Bengaluru,Sports,3098.08,3,5.0,Credit Card,Delivered,9294.24,464.71,8829.53,5.0
ORD01065,23-05-2025,CUST0112,Chennai,Sports,1498.33,1,5.0,Net Banking,Cancelled,1498.33,74.92,1423.41,
ORD00493,27-05-2025,CUST0217,Kolkata,Beauty,2619.29,3,10.0,Net Banking,Delivered,7857.87,785.79,7072.08,3.0
ORD00380,12-11-2025,CUST0012,Bengaluru,Fashion,1206.6,2,5.0,Cash on Delivery,Returned,2413.2,120.66,2292.54,4.0
ORD00188,22-08-2025,CUST0275,Bengaluru,Beauty,4435.96,1,0.0,Credit Card,Delivered,4435.96,0.0,4435.96,5.0
ORD00764,05-04-2025,CUST0292,Pune,Beauty,3545.04,1,10.0,Cash on Delivery,Delivered,3545.04,354.5,3190.54,5.0
ORD00217,21-06-2025,CUST0117,Pune,Electronics,1922.36,2,30.0,UPI,Delivered,3844.72,1153.42,2691.3,5.0
ORD00792,02-11-2025,CUST0071,Chennai,Home & Kitchen,668.33,3,20.0,Net Banking,Delivered,2004.99,401.0,1603.99,4.0
ORD01077,11-02-2025,CUST0192,Chennai,Electronics,1055.66,1,15.0,Credit Card,Returned,1055.66,158.35,897.31,4.0
ORD00879,10-09-2025,CUST0160,Kolkata,Home & Kitchen,1034.18,2,25.0,Cash on Delivery,Delivered,2068.36,517.09,1551.27,4.0
ORD00338,06-02-2025,CUST0176,Kolkata,Home & Kitchen,1010.42,1,0.0,Cash on Delivery,Delivered,1010.42,0.0,1010.42,3.0
ORD00720,31-12-2025,CUST0245,Bengaluru,Electronics,3154.7,1,15.0,Debit Card,Returned,3154.7,473.2,2681.5,5.0
ORD00296,27-07-2025,CUST0005,Bengaluru,Fashion,771.76,1,25.0,Net Banking,Delivered,771.76,192.94,578.82,4.0
ORD01017,22-09-2025,CUST0260,Kolkata,Beauty,1148.48,2,20.0,Debit Card,Delivered,2296.96,459.39,1837.57,2.0
ORD00456,29-09-2025,CUST0208,Hyderabad,Home & Kitchen,1508.01,3,15.0,UPI,Delivered,4524.03,678.6,3845.43,3.0
ORD00816,19-09-2025,CUST0049,Jaipur,Fashion,1371.73,1,5.0,UPI,Delivered,1371.73,68.59,1303.14,4.0
ORD00270,09-01-2025,CUST0193,Delhi,Home & Kitchen,1410.55,2,15.0,Cash on Delivery,Delivered,2821.1,423.16,2397.94,4.0
ORD00996,07-02-2025,CUST0254,Pune,Fashion,399.87,3,0.0,Cash on Delivery,Delivered,1199.61,0.0,1199.61,3.0
ORD00202,11-04-2025,CUST0025,Hyderabad,Beauty,2660.06,2,10.0,Net Banking,Delivered,5320.12,532.01,4788.11,5.0
ORD00162,03-03-2025,CUST0250,Kolkata,Home & Kitchen,4393.37,1,15.0,Debit Card,Delivered,4393.37,659.01,3734.36,4.0
ORD00730,07-12-2025,CUST0129,Chennai,Electronics,1109.09,2,15.0,UPI,Delivered,2218.18,332.73,1885.45,5.0
ORD00402,10-11-2025,CUST0192,Bengaluru,Electronics,2438.97,2,5.0,UPI,Delivered,4877.94,243.9,4634.04,3.0
ORD00703,25-05-2025,CUST0001,Kolkata,Home & Kitchen,1533.13,1,10.0,Cash on Delivery,Delivered,1533.13,153.31,1379.82,5.0
ORD01130,23-01-2025,CUST0078,Chennai,Electronics,1003.35,3,5.0,Cash on Delivery,Delivered,3010.05,150.5,2859.55,5.0
ORD00566,06-07-2025,CUST0059,Mumbai,Fashion,1609.56,2,20.0,Cash on Delivery,Returned,3219.12,643.82,2575.3,5.0
ORD01022,10-03-2025,CUST0101,Hyderabad,Fashion,4451.54,1,15.0,UPI,Delivered,4451.54,667.73,3783.81,4.0
ORD01026,17-05-2025,CUST0178,Delhi,Home & Kitchen,1405.72,1,5.0,Cash on Delivery,Pending,1405.72,70.29,1335.43,2.0
ORD01105,06-06-2025,CUST0043,Pune,Home & Kitchen,1040.6,1,20.0,Credit Card,Delivered,1040.6,208.12,832.48,4.0
ORD00206,23-04-2025,CUST0059,Delhi,Beauty,1124.5,3,25.0,Cash on Delivery,Delivered,3373.5,843.38,2530.12,4.0
ORD00035,09-07-2025,CUST0266,Mumbai,Electronics,2249.2,2,15.0,Cash on Delivery,Delivered,4498.4,674.76,3823.64,5.0
ORD00776,10-08-2025,CUST0156,Pune,Fashion,1191.01,4,20.0,Net Banking,Delivered,4764.04,952.81,3811.23,4.0
ORD00509,28-06-2025,CUST0202,Delhi,Fashion,770.79,4,15.0,UPI,Delivered,3083.16,462.47,2620.69,5.0
ORD01196,26-06-2025,CUST0189,Delhi,Fashion,2436.21,3,5.0,Debit Card,Delivered,7308.63,365.43,6943.2,5.0
ORD00092,06-06-2025,CUST0215,Hyderabad,Fashion,5829.55,1,10.0,UPI,Cancelled,5829.55,582.96,5246.59,4.0
ORD00898,26-08-2025,CUST0264,,Home & Kitchen,961.93,1,15.0,UPI,Delivered,961.93,144.29,817.64,3.0
ORD00565,08-12-2025,CUST0037,Kolkata,Beauty,2615.89,1,10.0,Credit Card,Delivered,2615.89,261.59,2354.3,4.0
ORD00777,08-09-2025,CUST0291,Mumbai,Electronics,1613.85,4,0.0,UPI,Delivered,6455.4,0.0,6455.4,4.0
ORD00242,09-09-2025,CUST0108,Pune,Beauty,1023.22,2,25.0,Credit Card,Delivered,2046.44,511.61,1534.83,5.0
ORD00014,26-12-2025,CUST0211,Pune,Home & Kitchen,2017.48,1,25.0,Cash on Delivery,Delivered,2017.48,504.37,1513.11,2.0
ORD00316,10-10-2025,CUST0089,Hyderabad,Sports,731.33,4,15.0,Credit Card,Delivered,2925.32,438.8,2486.52,2.0
ORD00601,17-03-2025,CUST0225,Pune,Home & Kitchen,2423.22,1,5.0,UPI,Pending,2423.22,121.16,2302.06,5.0
ORD00388,23-05-2025,CUST0017,Delhi,Beauty,1572.86,2,15.0,Net Banking,Delivered,3145.72,471.86,2673.86,5.0
ORD00167,13-02-2025,CUST0244,Pune,Electronics,2091.42,1,15.0,UPI,Delivered,2091.42,313.71,1777.71,5.0
ORD00841,20-02-2025,CUST0160,Hyderabad,Fashion,974.48,2,10.0,UPI,Delivered,1948.96,194.9,1754.06,4.0
ORD00021,21-10-2025,CUST0018,Pune,Beauty,1582.37,2,20.0,Credit Card,Delivered,3164.74,632.95,2531.79,4.0
ORD00647,13-11-2025,CUST0044,Bengaluru,Sports,2755.61,1,10.0,Cash on Delivery,Delivered,2755.61,275.56,2480.05,5.0
ORD01155,24-10-2025,CUST0114,Hyderabad,Sports,1141.86,2,0.0,Debit Card,Delivered,2283.72,0.0,2283.72,4.0
ORD00832,08-10-2025,CUST0049,Pune,Electronics,1494.4,4,15.0,Debit Card,Delivered,5977.6,896.64,5080.96,4.0
ORD00563,25-03-2025,CUST0211,Delhi,Sports,1313.94,1,15.0,Debit Card,Delivered,1313.94,197.09,1116.85,2.0
ORD01182,29-07-2025,CUST0235,Bengaluru,Electronics,1273.54,4,10.0,Cash on Delivery,Delivered,5094.16,509.42,4584.74,4.0
ORD00687,05-06-2025,CUST0264,Bengaluru,Home & Kitchen,1138.93,4,0.0,UPI,Delivered,4555.72,0.0,4555.72,5.0
ORD00958,04-09-2025,CUST0067,Jaipur,Sports,2657.37,1,15.0,Net Banking,Delivered,2657.37,398.61,2258.76,5.0
ORD00190,01-06-2025,CUST0044,Hyderabad,Fashion,4083.56,1,15.0,UPI,Delivered,4083.56,612.53,3471.03,5.0
ORD00976,01-12-2025,CUST0110,Hyderabad,Fashion,1161.24,2,25.0,Cash on Delivery,Delivered,2322.48,580.62,1741.86,5.0
ORD00700,10-02-2025,CUST0232,Mumbai,Fashion,1506.67,1,10.0,UPI,Delivered,1506.67,150.67,1356.0,4.0
ORD00511,25-09-2025,CUST0002,Chennai,Electronics,1773.87,2,5.0,Debit Card,Delivered,3547.74,177.39,3370.35,5.0
ORD01083,06-06-2025,CUST0048,Mumbai,Electronics,1076.6,1,5.0,Net Banking,Delivered,1076.6,53.83,1022.77,3.0
ORD00475,06-08-2025,CUST0273,Kolkata,Beauty,2361.3,1,15.0,Debit Card,Delivered,2361.3,354.2,2007.1,4.0
ORD00857,06-08-2025,CUST0188,Pune,Beauty,2901.05,1,25.0,UPI,Delivered,2901.05,725.26,2175.79,4.0
ORD00748,23-01-2025,CUST0117,Hyderabad,Beauty,2065.92,2,15.0,Net Banking,Delivered,4131.84,619.78,3512.06,4.0
ORD00253,09-05-2025,CUST0039,Hyderabad,Fashion,709.2,1,5.0,Credit Card,Delivered,709.2,35.46,673.74,5.0
ORD00022,11-07-2025,CUST0257,,Electronics,1136.42,3,0.0,Credit Card,Delivered,3409.26,0.0,3409.26,4.0
ORD00460,05-10-2025,CUST0145,Hyderabad,Fashion,2800.98,3,20.0,Debit Card,Delivered,8402.94,1680.59,6722.35,4.0
ORD01185,08-05-2025,CUST0269,Chennai,Home & Kitchen,3309.6,1,5.0,Credit Card,Delivered,3309.6,165.48,3144.12,4.0
ORD00277,01-06-2025,CUST0295,Bengaluru,Electronics,1426.83,1,10.0,Cash on Delivery,Delivered,1426.83,142.68,1284.15,5.0
ORD00956,07-11-2025,CUST0158,Mumbai,Electronics,3254.15,1,30.0,Cash on Delivery,Delivered,3254.15,976.24,2277.91,5.0
ORD00386,21-09-2025,CUST0113,Delhi,Electronics,1504.62,1,25.0,UPI,Delivered,1504.62,376.16,1128.46,4.0
ORD00806,22-03-2025,CUST0026,Mumbai,Sports,3621.17,2,15.0,Credit Card,Cancelled,7242.34,1086.35,6155.99,4.0
ORD00344,09-04-2025,CUST0115,Hyderabad,Fashion,2368.53,1,10.0,UPI,Delivered,2368.53,236.85,2131.68,1.0
ORD00770,28-04-2025,CUST0275,Mumbai,Fashion,3214.52,1,10.0,Credit Card,Delivered,3214.52,321.45,2893.07,5.0
ORD00131,12-09-2025,CUST0098,Delhi,Fashion,2592.42,1,,Credit Card,Delivered,2592.42,259.24,2333.18,5.0
ORD00872,03-12-2025,CUST0070,Mumbai,Electronics,1880.11,1,10.0,Debit Card,Delivered,1880.11,188.01,1692.1,5.0
ORD01124,11-09-2025,CUST0220,Bengaluru,Electronics,706.87,1,15.0,Credit Card,Delivered,706.87,106.03,600.84,4.0
ORD00088,05-08-2025,CUST0202,Bengaluru,Sports,1110.21,4,10.0,Cash on Delivery,Delivered,4440.84,444.08,3996.76,3.0
ORD00331,21-06-2025,CUST0226,Jaipur,Electronics,1798.13,1,5.0,UPI,Delivered,1798.13,89.91,1708.22,5.0
ORD00467,04-07-2025,CUST0199,Chennai,Electronics,3416.15,2,0.0,Cash on Delivery,Delivered,6832.3,0.0,6832.3,5.0
ORD00122,26-12-2025,CUST0153,Bengaluru,Beauty,1321.75,2,10.0,Net Banking,Delivered,2643.5,264.35,2379.15,3.0
ORD01045,05-01-2025,CUST0149,Bengaluru,Sports,2069.9,4,15.0,Debit Card,Delivered,8279.6,1241.94,7037.66,2.0
ORD01096,28-04-2025,CUST0200,Mumbai,Sports,962.74,5,30.0,Net Banking,Returned,4813.7,1444.11,3369.59,3.0
ORD01131,30-10-2025,CUST0105,Hyderabad,Electronics,2485.84,2,0.0,UPI,Delivered,4971.68,0.0,4971.68,2.0
ORD00861,06-09-2025,CUST0102,Hyderabad,Home & Kitchen,2104.03,1,10.0,UPI,Returned,2104.03,210.4,1893.63,5.0
ORD01127,07-02-2025,CUST0256,Kolkata,Beauty,665.49,1,20.0,Credit Card,Delivered,665.49,133.1,532.39,5.0
